#pragma once
// Generated from https://github.com/esphome/esphome-webserver

#ifdef USE_WEBSERVER_LOCAL
#if USE_WEBSERVER_VERSION == 2

#include "esphome/core/hal.h"

namespace esphome::web_server {

#ifdef USE_WEBSERVER_GZIP
constexpr uint8_t INDEX_GZ[] PROGMEM = {
    0x1f, 0x8b, 0x08, 0x00, 0x00, 0x00, 0x00, 0x00, 0x00, 0x03, 0xed, 0x7d, 0xcb, 0x76, 0xdb, 0x48, 0x96, 0xe0, 0x7a,
    0xea, 0x2b, 0x20, 0xa6, 0x4a, 0x85, 0x28, 0x05, 0x21, 0x92, 0x92, 0x6c, 0x25, 0xa8, 0x20, 0x4a, 0x96, 0x9d, 0x6d,
    0x57, 0xd9, 0xb2, 0xcb, 0x92, 0xb3, 0x1e, 0x4a, 0x95, 0x00, 0x01, 0x41, 0x32, 0x6c, 0x10, 0x60, 0x06, 0x82, 0x7a,
    0x24, 0x89, 0x3e, 0xb3, 0x9a, 0x55, 0x9f, 0xd3, 0xf3, 0xe8, 0x45, 0x2f, 0xa6, 0x4f, 0xf7, 0x62, 0x3e, 0xa2, 0xd7,
    0xfd, 0x29, 0xf5, 0x03, 0xd3, 0x9f, 0x30, 0xe7, 0xc6, 0x03, 0x08, 0x90, 0x94, 0x2c, 0x67, 0x56, 0xcd, 0xf4, 0x62,
    0x2a, 0x4f, 0xc9, 0x44, 0x20, 0x1e, 0x37, 0x6e, 0xdc, 0x57, 0xdc, 0x7b, 0x23, 0x70, 0xb8, 0x91, 0xe4, 0xb1, 0xb8,
    0x9b, 0x52, 0x67, 0x2c, 0x26, 0xe9, 0xe0, 0x50, 0xff, 0xa5, 0x51, 0x32, 0x38, 0x4c, 0x59, 0xf6, 0xc9, 0xe1, 0x34,
    0x25, 0x2c, 0xce, 0x33, 0x67, 0xcc, 0xe9, 0x90, 0x24, 0x91, 0x88, 0x7c, 0x36, 0x89, 0x46, 0xd4, 0xd9, 0x19, 0x1c,
    0x4e, 0xa8, 0x88, 0x9c, 0x78, 0x1c, 0xf1, 0x82, 0x0a, 0xf2, 0xe1, 0xec, 0x9b, 0xf6, 0xc1, 0xe0, 0xb0, 0x88, 0x39,
    0x9b, 0x0a, 0x07, 0xba, 0x24, 0x93, 0x3c, 0x99, 0xa5, 0xd4, 0x89, 0x79, 0x5e, 0x14, 0x39, 0x67, 0x23, 0x96, 0x0d,
    0xae, 0x23, 0xee, 0x50, 0x32, 0x4a, 0xf3, 0xab, 0x28, 0x3d, 0x1b, 0xb3, 0x02, 0x0b, 0x42, 0xbd, 0xd3, 0x71, 0x94,
    0xe4, 0x37, 0xef, 0xf3, 0x5c, 0x6c, 0x6d, 0xb9, 0xea, 0xf1, 0xee, 0xf8, 0xf4, 0x94, 0x10, 0x72, 0x9d, 0xb3, 0xc4,
    0xe9, 0x2c, 0x16, 0x75, 0xa1, 0x97, 0x45, 0x82, 0x5d, 0x53, 0xd5, 0x04, 0x6d, 0x6d, 0x85, 0x51, 0x92, 0x4f, 0x05,
    0x4d, 0x4e, 0xc5, 0x5d, 0x4a, 0x4f, 0xc7, 0x94, 0x8a, 0x22, 0x64, 0x99, 0xf3, 0x3c, 0x8f, 0x67, 0x13, 0x9a, 0x09,
    0x6f, 0xca, 0x73, 0x91, 0x03, 0x34, 0x5b, 0x5b, 0x21, 0xa7, 0xd3, 0x34, 0x8a, 0x29, 0xbc, 0x3f, 0x3e, 0x3d, 0xad,
    0x5b, 0xd4, 0x95, 0x70, 0x46, 0x4e, 0xef, 0x26, 0x57, 0x79, 0xea, 0x22, 0xcc, 0x49, 0x46, 0x6f, 0x9c, 0xdf, 0xd1,
    0xe8, 0xd3, 0x9b, 0x68, 0x8a, 0x19, 0x89, 0xd3, 0xa8, 0x28, 0xe6, 0x71, 0x9e, 0x15, 0x82, 0xcf, 0x62, 0x91, 0x73,
    0x97, 0x62, 0x81, 0x39, 0x9a, 0xb3, 0xa1, 0x2b, 0xc6, 0xac, 0xf0, 0x2e, 0x37, 0xe3, 0xa2, 0x78, 0x4f, 0x8b, 0x59,
    0x2a, 0x36, 0xc9, 0x46, 0x07, 0xf3, 0x0d, 0x42, 0x32, 0x24, 0xc6, 0x3c, 0xbf, 0x71, 0x5e, 0x70, 0x9e, 0x73, 0xb7,
    0x75, 0x7c, 0x7a, 0xaa, 0x2a, 0x38, 0xac, 0x70, 0xb2, 0x5c, 0x38, 0x55, 0x77, 0xd1, 0x55, 0x4a, 0x3d, 0xe7, 0x43,
    0x41, 0x9d, 0x70, 0x96, 0x15, 0xd1, 0x90, 0x1e, 0x9f, 0x9e, 0x86, 0x4e, 0xce, 0x9d, 0x30, 0x2e, 0x8a, 0xd0, 0x61,
    0x59, 0x21, 0x68, 0x94, 0x78, 0x2d, 0xd4, 0x97, 0x63, 0xc5, 0x45, 0x71, 0x46, 0x6f, 0x05, 0xa1, 0x58, 0x3e, 0x0a,
    0x22, 0xca, 0x11, 0x15, 0x4e, 0x51, 0xcd, 0xc9, 0x45, 0xf3, 0x94, 0x0a, 0x87, 0x12, 0xf9, 0x3e, 0xc7, 0x99, 0xfa,
    0x21, 0xfa, 0x00, 0xed, 0xd6, 0x16, 0xad, 0x90, 0xab, 0xea, 0x09, 0x92, 0x6d, 0x98, 0x92, 0xad, 0xad, 0xcc, 0x4b,
    0x69, 0x36, 0x12, 0x63, 0x42, 0x48, 0xb7, 0x2f, 0x17, 0x85, 0x70, 0x6f, 0x44, 0x85, 0x9b, 0x21, 0x84, 0xeb, 0xa6,
    0x5b, 0x5b, 0xae, 0x9a, 0x79, 0x4e, 0xa8, 0x44, 0x56, 0x03, 0xab, 0xc8, 0xd3, 0xf8, 0x3e, 0xbd, 0xcb, 0x62, 0xd7,
    0x86, 0x1a, 0x61, 0xb1, 0xb5, 0xc5, 0xbd, 0x02, 0x3a, 0xc4, 0x14, 0xa1, 0x92, 0x53, 0x31, 0xe3, 0x99, 0x43, 0x4b,
    0x91, 0x9f, 0x0a, 0xce, 0xb2, 0x91, 0x8b, 0xe6, 0xba, 0xcc, 0x6e, 0x57, 0x96, 0x38, 0x22, 0x94, 0x0c, 0x60, 0x28,
    0xe6, 0xc2, 0x7a, 0xe5, 0x43, 0x87, 0x12, 0x12, 0x16, 0xb2, 0x51, 0x18, 0x50, 0x9f, 0x6e, 0x87, 0x21, 0x56, 0xd0,
    0xe1, 0x0c, 0xe1, 0x9c, 0xb8, 0x14, 0x7b, 0x9e, 0x27, 0x90, 0x69, 0x45, 0xad, 0xa9, 0x05, 0xf4, 0xbc, 0x73, 0xe1,
    0x0b, 0x8f, 0xd3, 0x64, 0x16, 0x53, 0xd7, 0x15, 0x38, 0xc3, 0x1c, 0x91, 0x81, 0xd8, 0x76, 0x29, 0x19, 0xc0, 0xba,
    0x6e, 0x74, 0x08, 0x21, 0xb4, 0xb1, 0xb2, 0xc8, 0x00, 0x6b, 0xa0, 0x92, 0x18, 0xad, 0x61, 0xc9, 0x66, 0x93, 0x2b,
    0xca, 0xc3, 0xaa, 0x5a, 0xdf, 0x26, 0x80, 0x70, 0x56, 0x50, 0x27, 0x2e, 0x0a, 0x67, 0x38, 0xcb, 0x62, 0xc1, 0xf2,
    0xcc, 0x09, 0xb7, 0xe9, 0x76, 0xa8, 0x16, 0xbe, 0x5e, 0x77, 0x54, 0x22, 0x37, 0x43, 0xdb, 0xf4, 0x9c, 0x6f, 0x77,
    0x2f, 0x30, 0x40, 0x89, 0x30, 0x85, 0xf9, 0x14, 0xc4, 0x55, 0x20, 0x4a, 0xa2, 0x43, 0x99, 0xb7, 0x4a, 0xfd, 0x84,
    0x7b, 0x93, 0x68, 0x0a, 0x13, 0xa0, 0x92, 0x6a, 0xa2, 0x2c, 0x06, 0xd0, 0x1a, 0x4b, 0x03, 0x88, 0xf2, 0x6a, 0x5a,
    0x41, 0x7d, 0x9a, 0x16, 0xd4, 0x19, 0xe6, 0xdc, 0x95, 0xb4, 0xe0, 0xe4, 0x43, 0x87, 0x2b, 0xba, 0xe0, 0x24, 0x31,
    0x9c, 0x14, 0x73, 0x1a, 0x09, 0xfa, 0x22, 0xa5, 0xf0, 0xe4, 0x86, 0xb2, 0x79, 0x88, 0x30, 0x23, 0xd4, 0x4b, 0x99,
    0x38, 0xc9, 0xb3, 0x98, 0xf6, 0x99, 0x45, 0x44, 0x72, 0x81, 0x8f, 0x84, 0xe0, 0xec, 0x6a, 0x26, 0xa8, 0x1b, 0x66,
    0x50, 0x23, 0xc4, 0x0c, 0x61, 0xee, 0x09, 0x7a, 0x2b, 0x8e, 0xf3, 0x4c, 0xd0, 0x4c, 0x10, 0x61, 0x10, 0x89, 0x33,
    0x2f, 0x9a, 0x4e, 0x69, 0x96, 0x1c, 0x8f, 0x59, 0x9a, 0xb8, 0x1c, 0x95, 0x25, 0x8e, 0x89, 0x08, 0x60, 0x2a, 0xfe,
    0xc3, 0xf3, 0x91, 0xeb, 0xa5, 0xe8, 0x38, 0x0c, 0xfb, 0x66, 0x22, 0x19, 0x4c, 0x44, 0xae, 0xd3, 0xfb, 0x59, 0x4a,
    0x0b, 0x24, 0xb6, 0x49, 0x56, 0xad, 0x9a, 0x5e, 0x9f, 0xc8, 0x15, 0x80, 0x6d, 0x8a, 0x7c, 0x8a, 0xe7, 0xac, 0xf0,
    0x53, 0x9c, 0xd0, 0x21, 0xcb, 0xe8, 0x3b, 0x9e, 0x4f, 0x29, 0x17, 0x77, 0xfe, 0x0c, 0x8f, 0xa8, 0x78, 0x7b, 0x93,
    0x99, 0x82, 0xe7, 0x54, 0x89, 0xb8, 0x9c, 0xfb, 0xc9, 0xd2, 0xab, 0x93, 0x68, 0x42, 0x0b, 0x7f, 0xb8, 0x54, 0xaa,
    0x04, 0x4a, 0xe1, 0x53, 0x0a, 0x2f, 0xde, 0x19, 0x51, 0xf3, 0x76, 0xe8, 0x0b, 0x5a, 0x92, 0xb7, 0x57, 0x1f, 0x69,
    0x2c, 0xf0, 0xd4, 0x96, 0x89, 0x13, 0x32, 0xf5, 0x04, 0x9f, 0x15, 0x82, 0x26, 0x67, 0x77, 0x53, 0x5a, 0xe0, 0x8c,
    0x92, 0x49, 0x30, 0xf1, 0xe8, 0x64, 0x2a, 0xee, 0x4e, 0xe5, 0xe8, 0x7e, 0x18, 0x62, 0x4e, 0xc9, 0xd4, 0xe3, 0x34,
    0x8a, 0x41, 0x20, 0xea, 0x75, 0x79, 0x97, 0xa7, 0x77, 0x43, 0x96, 0xa6, 0xa7, 0xb3, 0xe9, 0x34, 0xe7, 0x02, 0x8f,
    0x81, 0x01, 0x80, 0xfa, 0x29, 0x1e, 0x91, 0xb9, 0xc8, 0xeb, 0xf5, 0x80, 0xe2, 0x79, 0x71, 0xc3, 0x44, 0x3c, 0x76,
    0x05, 0x9a, 0xc7, 0x51, 0x41, 0x9d, 0x67, 0x79, 0x9e, 0xd2, 0x28, 0xf3, 0x29, 0xa1, 0x41, 0x46, 0xfd, 0x6c, 0x96,
    0xa6, 0xfd, 0x2b, 0x4e, 0xa3, 0x4f, 0x7d, 0xf9, 0x5a, 0xc1, 0xea, 0xcb, 0xdf, 0x47, 0x9c, 0x47, 0x77, 0x50, 0x91,
    0x10, 0xa8, 0x16, 0x50, 0xff, 0xd7, 0xa7, 0x6f, 0x4f, 0x3c, 0xc5, 0x89, 0x6c, 0x78, 0xe7, 0x52, 0x8b, 0xad, 0xf1,
    0x90, 0xe7, 0x93, 0xa5, 0xa1, 0xe5, 0x02, 0x11, 0xda, 0xbf, 0x07, 0x84, 0x8c, 0xd0, 0x0d, 0xd5, 0xb5, 0x0d, 0xc1,
    0x89, 0x64, 0x2e, 0x78, 0x49, 0xf4, 0xb8, 0xf0, 0xc7, 0x57, 0xc5, 0x2e, 0x45, 0x0f, 0x43, 0x2b, 0xf8, 0xdd, 0x3c,
    0x23, 0x12, 0xce, 0x29, 0x28, 0x2d, 0x80, 0x31, 0x8e, 0x44, 0x3c, 0x9e, 0x67, 0xb2, 0xb3, 0xd2, 0x40, 0x9c, 0x95,
    0x25, 0xbe, 0x34, 0x98, 0xdb, 0x48, 0xe5, 0x0f, 0x7c, 0x4d, 0xe6, 0x91, 0x99, 0x82, 0xbf, 0xd1, 0xc1, 0xb0, 0x88,
    0xbe, 0x12, 0x57, 0x38, 0xce, 0xb3, 0x6b, 0xca, 0x05, 0xe5, 0xfe, 0x08, 0x73, 0x3a, 0x4c, 0x61, 0xe0, 0x8d, 0x2e,
    0x9e, 0x15, 0xf4, 0x39, 0x1d, 0x46, 0xb3, 0x54, 0x3e, 0x8d, 0xa3, 0xe2, 0x78, 0x1c, 0x65, 0x23, 0x9a, 0xf8, 0x97,
    0x65, 0x5f, 0x91, 0x85, 0x07, 0x3a, 0x14, 0xb4, 0x6a, 0x10, 0x18, 0xcd, 0x13, 0x9a, 0xa2, 0x10, 0xe1, 0x29, 0xb0,
    0x96, 0x21, 0xa4, 0x37, 0x75, 0x55, 0x4b, 0x33, 0xf5, 0x41, 0xa5, 0xde, 0x29, 0xed, 0xe4, 0xd0, 0x5b, 0x41, 0xb3,
    0xa4, 0x70, 0x5e, 0x9e, 0xbd, 0x79, 0xad, 0x29, 0x62, 0x5e, 0x88, 0x48, 0xb0, 0xd8, 0x89, 0x92, 0xe4, 0x55, 0xc6,
    0x04, 0x8b, 0x52, 0xf6, 0x83, 0xc4, 0xd5, 0x5c, 0x2b, 0xad, 0x17, 0xcc, 0x45, 0x58, 0xc9, 0xe7, 0x34, 0x08, 0xc8,
    0xf9, 0x05, 0xf2, 0xa6, 0xb3, 0x62, 0x0c, 0xc8, 0xd1, 0x4d, 0x41, 0xb3, 0xe4, 0x57, 0x05, 0xe5, 0xd7, 0x34, 0xa9,
    0x56, 0xb1, 0x58, 0x92, 0xd1, 0x43, 0x96, 0xc9, 0xae, 0x5d, 0x84, 0x4d, 0xc7, 0xe3, 0xad, 0xad, 0x73, 0x10, 0xbe,
    0xe6, 0xd1, 0xfb, 0x44, 0xef, 0x0a, 0x17, 0x5d, 0x98, 0x7e, 0x95, 0x44, 0x31, 0xd3, 0x03, 0x2c, 0x93, 0x6b, 0xa5,
    0x4e, 0x3d, 0xa8, 0x41, 0xb7, 0xb6, 0x5c, 0xe1, 0x55, 0x38, 0x27, 0x1b, 0xdd, 0xba, 0x6b, 0x66, 0x86, 0xa9, 0x54,
    0xb7, 0x37, 0x8e, 0x0a, 0x8b, 0xeb, 0x5c, 0x8a, 0xa4, 0x7a, 0xd2, 0x0c, 0xa6, 0xa5, 0x97, 0x2b, 0x10, 0xf2, 0x6e,
    0x38, 0x88, 0x99, 0x84, 0x6c, 0x74, 0x74, 0x1f, 0x54, 0xf3, 0x8e, 0x6a, 0xca, 0x68, 0x21, 0x55, 0x93, 0x5c, 0xf4,
    0x0d, 0xe1, 0x65, 0xf9, 0x51, 0x1c, 0x53, 0xb0, 0x60, 0x0c, 0xd1, 0x5a, 0x26, 0x82, 0x6c, 0xaf, 0xd8, 0x7a, 0x49,
    0x3a, 0xb8, 0x14, 0x67, 0x58, 0xa0, 0x3e, 0xb7, 0x44, 0xe2, 0xcc, 0x6d, 0xc2, 0x8c, 0x29, 0x06, 0x29, 0x57, 0xa3,
    0x79, 0x6d, 0x37, 0x02, 0x67, 0x72, 0xe4, 0xf9, 0x88, 0x0a, 0x9f, 0xe3, 0x82, 0x0a, 0x9f, 0x95, 0x24, 0x59, 0xe9,
    0x0b, 0x05, 0x01, 0x54, 0x69, 0xae, 0xcb, 0xb9, 0xb8, 0x28, 0xb1, 0x9c, 0x8e, 0x5a, 0xf0, 0x73, 0x71, 0x41, 0x68,
    0x59, 0x6a, 0xf1, 0x57, 0x77, 0xe9, 0x6a, 0x96, 0x8c, 0x08, 0x0f, 0xbc, 0x38, 0x4a, 0x53, 0xd9, 0x3d, 0xea, 0x33,
    0xeb, 0x09, 0x10, 0x22, 0x07, 0xe5, 0xf4, 0xfb, 0x19, 0x2d, 0xc4, 0x87, 0x69, 0x12, 0x49, 0x76, 0x8e, 0x70, 0x86,
    0x4a, 0x60, 0x82, 0x21, 0x1b, 0xcd, 0x38, 0x98, 0x32, 0xc0, 0x20, 0x34, 0x9b, 0x4d, 0xa8, 0x79, 0x5a, 0x37, 0xcb,
    0xb7, 0x53, 0x50, 0x81, 0x05, 0x80, 0x66, 0x53, 0xd2, 0xea, 0x72, 0x8c, 0x24, 0xfc, 0x41, 0x70, 0x6d, 0x3a, 0x51,
    0x14, 0x50, 0x59, 0x5e, 0x4b, 0x4b, 0x3f, 0x76, 0xc3, 0x95, 0x3e, 0x42, 0x84, 0xb4, 0x4a, 0xee, 0x6b, 0xbb, 0x88,
    0xea, 0x19, 0x52, 0x9b, 0x74, 0xa9, 0x97, 0x5a, 0xeb, 0xa5, 0xb9, 0x82, 0x00, 0x15, 0x53, 0x2f, 0xbd, 0xb8, 0x8f,
    0x5e, 0x24, 0x3f, 0xbe, 0x01, 0xad, 0xbb, 0xfa, 0xae, 0xe2, 0xa2, 0x7a, 0x94, 0x07, 0xe0, 0x36, 0x95, 0x12, 0x0b,
    0x5e, 0x53, 0xbb, 0x7a, 0x07, 0xc6, 0xe5, 0x0a, 0x23, 0xac, 0xf6, 0x35, 0x6d, 0x4c, 0xde, 0x36, 0x07, 0xeb, 0x37,
    0x58, 0xc8, 0xc9, 0x0d, 0x5d, 0x8a, 0xc0, 0x4e, 0xa2, 0x20, 0x13, 0x2f, 0x9a, 0x0a, 0x54, 0x20, 0x65, 0x83, 0x35,
    0x99, 0x35, 0xc3, 0xf4, 0x3c, 0xbb, 0x40, 0x65, 0xdd, 0xeb, 0xf9, 0x92, 0x44, 0xbb, 0x00, 0xc0, 0x8d, 0x10, 0x37,
    0x56, 0xe6, 0x1a, 0x71, 0xa6, 0x57, 0x57, 0x4e, 0xb3, 0xc2, 0x3d, 0xd2, 0x20, 0x9c, 0x53, 0x9c, 0x5d, 0xd4, 0x40,
    0xdc, 0xc7, 0xa9, 0x19, 0x2a, 0x2b, 0x29, 0x63, 0x16, 0xa3, 0x5f, 0x77, 0x21, 0x64, 0x17, 0x6b, 0x3b, 0x30, 0x3c,
    0x6d, 0x9a, 0xcf, 0x24, 0xdf, 0xf7, 0x6d, 0x6b, 0xb8, 0x96, 0x5f, 0xc6, 0x62, 0x2d, 0xed, 0xbe, 0xa4, 0x19, 0x52,
    0x90, 0xc6, 0x12, 0xa9, 0x32, 0xb5, 0x6c, 0xd2, 0x50, 0x5a, 0x25, 0x03, 0x5d, 0x85, 0x1a, 0xcc, 0x9c, 0x4b, 0x7c,
    0x49, 0x45, 0xe5, 0xb1, 0x42, 0xfe, 0xeb, 0x52, 0x64, 0xc0, 0x83, 0x39, 0x9d, 0xc2, 0x54, 0xbd, 0x61, 0x1a, 0x09,
    0xb7, 0xbb, 0xd3, 0x01, 0xf3, 0xfa, 0x9a, 0x82, 0x16, 0x43, 0xa8, 0x5a, 0x30, 0x0a, 0x0b, 0x96, 0x21, 0xe1, 0xcd,
    0xb2, 0x62, 0xcc, 0x86, 0xc2, 0x8d, 0xa1, 0x8f, 0x52, 0x9a, 0x77, 0xd4, 0x9e, 0x92, 0x12, 0xf1, 0xf2, 0xad, 0xb1,
    0x84, 0x84, 0xc5, 0x5c, 0x33, 0x5b, 0x47, 0x5b, 0x32, 0x58, 0xd7, 0xdd, 0xe8, 0x82, 0xfa, 0x0d, 0x54, 0x6f, 0xbe,
    0x36, 0x7e, 0x33, 0xcb, 0x10, 0xcf, 0xfc, 0x75, 0xd6, 0xb9, 0x27, 0xf2, 0xd7, 0xf9, 0x0d, 0xe5, 0xc7, 0x11, 0x40,
    0xed, 0xab, 0xe6, 0xa5, 0xbd, 0xa3, 0x42, 0xf3, 0x62, 0x36, 0xa5, 0xdc, 0xd2, 0x21, 0x53, 0x0d, 0xb3, 0x2a, 0x60,
    0x85, 0x92, 0x39, 0xef, 0x68, 0x96, 0xb0, 0x6c, 0x44, 0x36, 0xba, 0x15, 0xf1, 0xab, 0x17, 0x49, 0x55, 0x74, 0xb9,
    0xf9, 0x62, 0x22, 0x49, 0xaf, 0x7a, 0xbc, 0x76, 0x51, 0xa9, 0xfe, 0xa9, 0x54, 0xdf, 0xa9, 0x44, 0xec, 0x3b, 0x9e,
    0x4f, 0x18, 0x98, 0x03, 0x64, 0xa0, 0x16, 0x36, 0x03, 0xa1, 0x25, 0x3b, 0x84, 0x41, 0x68, 0x05, 0xcd, 0xd1, 0x6b,
    0x43, 0x5c, 0x55, 0xa7, 0x97, 0xee, 0x5a, 0x99, 0xa8, 0x0b, 0xad, 0xb9, 0x79, 0x69, 0xe0, 0x0d, 0x73, 0xfe, 0x22,
    0x8a, 0xc7, 0xd2, 0x38, 0x57, 0xd2, 0x07, 0x95, 0x51, 0x92, 0x80, 0x25, 0xcc, 0xf3, 0x34, 0x55, 0x6a, 0xd9, 0x6c,
    0x26, 0x5f, 0xbc, 0xd5, 0x8a, 0xfe, 0x14, 0xf6, 0x52, 0x51, 0x92, 0xb8, 0xb4, 0x1a, 0x2a, 0x4b, 0x28, 0x87, 0xfd,
    0xf2, 0x32, 0x95, 0xb2, 0xe2, 0x38, 0xcf, 0x32, 0x1a, 0x0b, 0x9a, 0x6c, 0x6d, 0x51, 0x6f, 0x9c, 0x17, 0xa2, 0x2a,
    0x08, 0x3c, 0x17, 0x4c, 0xb2, 0x49, 0x7e, 0x4d, 0x9b, 0x03, 0xd6, 0xe3, 0x79, 0x09, 0x4d, 0xa9, 0x90, 0x76, 0x91,
    0x9a, 0x9a, 0x16, 0x1a, 0xd5, 0xa4, 0xc9, 0xca, 0xac, 0x56, 0x18, 0x6a, 0x49, 0x78, 0x68, 0x9d, 0x8f, 0xd6, 0xc9,
    0xa8, 0x0c, 0xc9, 0xfd, 0xbe, 0xe2, 0x2a, 0x29, 0x42, 0xb2, 0x0b, 0x84, 0x15, 0x0c, 0x8e, 0x79, 0xee, 0x53, 0xaf,
    0x60, 0x3f, 0xd0, 0x41, 0x25, 0x8e, 0x25, 0x51, 0x80, 0xe5, 0x26, 0x05, 0xd2, 0xfb, 0x0a, 0x17, 0xcd, 0x1d, 0x6f,
    0x51, 0xf9, 0x14, 0x82, 0x40, 0x16, 0x44, 0x42, 0x44, 0xf1, 0x58, 0xf9, 0x0d, 0xdc, 0x95, 0x69, 0xd4, 0xd5, 0xb5,
    0x52, 0xaa, 0xd8, 0xa2, 0x70, 0xe9, 0xea, 0x5a, 0x36, 0x58, 0x1f, 0x61, 0x0a, 0x44, 0xac, 0xb0, 0x7c, 0x1c, 0xa5,
    0xe9, 0x55, 0x14, 0x7f, 0x32, 0x44, 0x56, 0xaf, 0x55, 0x10, 0x10, 0x4b, 0x90, 0xda, 0x70, 0xe3, 0x35, 0x54, 0xe7,
    0x56, 0xd6, 0x89, 0x5a, 0x19, 0x9b, 0x74, 0x56, 0xd7, 0x15, 0x95, 0x4b, 0xad, 0x29, 0x9a, 0x97, 0x09, 0x2b, 0xee,
    0x05, 0xeb, 0x9e, 0x4e, 0x9f, 0x5b, 0x4d, 0x54, 0xbf, 0x15, 0xeb, 0x6b, 0xd3, 0xb5, 0xea, 0x48, 0xdb, 0x25, 0x86,
    0x33, 0x7e, 0xa3, 0xa4, 0xf0, 0xe5, 0xe6, 0x8b, 0xb3, 0x86, 0xec, 0xf8, 0x2c, 0xbd, 0x68, 0xf1, 0x6f, 0x6c, 0x29,
    0xbb, 0xae, 0x16, 0x44, 0x99, 0xd4, 0x0d, 0xb6, 0x1d, 0x25, 0xb7, 0xe5, 0x99, 0xa7, 0x2d, 0x6d, 0x35, 0x16, 0x23,
    0x6e, 0xe6, 0x55, 0x76, 0x78, 0xe0, 0x59, 0x7b, 0x9d, 0xca, 0x61, 0x11, 0x8c, 0x7c, 0xab, 0x0e, 0xb2, 0xeb, 0xc0,
    0xe6, 0xdf, 0x03, 0xa1, 0xa5, 0x1d, 0x2c, 0x52, 0x7c, 0x50, 0xcc, 0xf4, 0x36, 0x43, 0xaf, 0x25, 0x30, 0x4f, 0xdd,
    0x84, 0x23, 0x5f, 0xd1, 0x9a, 0xbd, 0xcf, 0xe5, 0xb0, 0xc3, 0x6d, 0x4a, 0xa0, 0xb2, 0xd4, 0x08, 0xba, 0x17, 0x2d,
    0xe0, 0x6c, 0x52, 0x2a, 0xa6, 0x56, 0x86, 0x7c, 0x8d, 0x0a, 0x9a, 0x6c, 0x10, 0xc2, 0x2b, 0xae, 0xf4, 0xd6, 0xd8,
    0x52, 0x1c, 0x76, 0xe4, 0x46, 0xf8, 0xd6, 0x73, 0x25, 0x24, 0x34, 0x2e, 0x87, 0x30, 0x98, 0x37, 0xb6, 0x63, 0xbe,
    0x55, 0xad, 0xb4, 0x1f, 0x02, 0xaf, 0x51, 0xcf, 0xc6, 0xa2, 0x55, 0xcb, 0x42, 0x17, 0xef, 0x2b, 0x0b, 0x92, 0x35,
    0x1b, 0xba, 0x02, 0x53, 0x0b, 0xb5, 0xe7, 0xfc, 0x82, 0x44, 0x9a, 0x29, 0x2f, 0x37, 0x5f, 0x7c, 0x0c, 0xe4, 0x9c,
    0x39, 0x0a, 0x82, 0x68, 0x05, 0x6f, 0xcb, 0x86, 0xa6, 0xf4, 0xd0, 0x80, 0x88, 0x67, 0xd2, 0x88, 0xaa, 0x55, 0x9a,
    0x31, 0x5e, 0x97, 0x11, 0x0b, 0x88, 0x94, 0xda, 0x8a, 0x6f, 0x6d, 0xb9, 0x4c, 0xd9, 0x29, 0xf4, 0x02, 0xe1, 0x2c,
    0x08, 0x48, 0xb4, 0x0e, 0x7f, 0x14, 0xe1, 0x0d, 0xd7, 0xcd, 0xbc, 0x7a, 0xb3, 0x16, 0x04, 0x97, 0xc8, 0x65, 0x58,
    0xa0, 0xc5, 0x22, 0xf3, 0xea, 0x1d, 0x1d, 0x78, 0xc9, 0x34, 0x01, 0x6e, 0x6d, 0x31, 0x42, 0xc8, 0xd2, 0x84, 0x60,
    0xff, 0xb1, 0x61, 0xa4, 0x5e, 0x8d, 0x8b, 0xa8, 0xa6, 0xea, 0xda, 0xc2, 0x93, 0xd5, 0x8e, 0x35, 0x4b, 0x95, 0x12,
    0xde, 0x75, 0xea, 0xce, 0x92, 0x80, 0xa7, 0xd5, 0x70, 0xef, 0x80, 0x4b, 0x55, 0xdb, 0xb9, 0xb5, 0xdf, 0xcc, 0xaa,
    0x7d, 0x28, 0xc7, 0x7a, 0xc3, 0xe3, 0xb3, 0x12, 0x47, 0x68, 0x9e, 0x6d, 0x6d, 0x6d, 0xb8, 0x35, 0xb0, 0x81, 0x91,
    0xee, 0x08, 0x00, 0x55, 0xdb, 0xa6, 0xea, 0xad, 0x36, 0xaf, 0x60, 0xb9, 0xd4, 0x8a, 0x49, 0xe4, 0x6d, 0x74, 0x36,
    0x08, 0x61, 0x8b, 0x45, 0x54, 0xa3, 0x7f, 0xb1, 0x30, 0x8d, 0x8e, 0x5e, 0xeb, 0x7e, 0x4c, 0x51, 0xad, 0x9b, 0x17,
    0x8b, 0x0c, 0x0a, 0x4d, 0x9b, 0x5a, 0xab, 0x56, 0xfb, 0x2d, 0xe8, 0x5b, 0x2d, 0x96, 0x4d, 0xf1, 0xd4, 0x02, 0xe9,
    0xfb, 0x55, 0xa5, 0x88, 0xca, 0xa8, 0xb8, 0xcb, 0xa4, 0xdd, 0xf2, 0xce, 0xc8, 0xb7, 0x15, 0x43, 0xa1, 0xd3, 0x87,
    0xdd, 0x7f, 0x74, 0x13, 0x31, 0xe1, 0x54, 0x48, 0x54, 0xbb, 0x7f, 0x10, 0x96, 0xda, 0x04, 0xf0, 0x38, 0x85, 0xdd,
    0x22, 0x28, 0x40, 0x5b, 0x97, 0xc4, 0x63, 0x0a, 0x9e, 0x6c, 0xa3, 0xdb, 0x8d, 0x6a, 0xa0, 0x1b, 0x92, 0x4c, 0xb7,
    0xb6, 0x54, 0xb7, 0x14, 0x6f, 0xac, 0x1b, 0xbb, 0x5c, 0x6e, 0xde, 0xd8, 0xec, 0x4c, 0x29, 0x1f, 0xe6, 0x7c, 0x62,
    0xde, 0x95, 0x4b, 0xcf, 0xd2, 0x09, 0xb9, 0xae, 0x57, 0x6b, 0x73, 0xb0, 0xb1, 0x84, 0xe6, 0x7a, 0x7f, 0xf1, 0x78,
    0xe5, 0x03, 0x4a, 0x15, 0xcd, 0xd7, 0x59, 0xcc, 0xf2, 0x8d, 0x5e, 0x7a, 0x22, 0x2a, 0x6e, 0x37, 0x76, 0x99, 0x8d,
    0xa7, 0x87, 0xed, 0x02, 0xe0, 0x57, 0xad, 0xca, 0x2b, 0xeb, 0x5e, 0x28, 0xeb, 0x5e, 0x19, 0xc1, 0x73, 0x43, 0xa7,
    0xb4, 0x24, 0x99, 0xd6, 0x07, 0xe7, 0xe2, 0xa2, 0x2f, 0xc9, 0x8d, 0x2e, 0x16, 0x4d, 0x02, 0x03, 0x7e, 0xe4, 0x56,
    0x88, 0x40, 0xf3, 0x90, 0xa8, 0xbc, 0xbf, 0x72, 0x6b, 0xad, 0xa0, 0x03, 0x9b, 0x90, 0x54, 0xcd, 0x25, 0x25, 0x54,
    0x66, 0x42, 0x3e, 0x4b, 0x13, 0x8d, 0x6d, 0x81, 0x30, 0x0d, 0x14, 0xe6, 0x6e, 0x58, 0x9a, 0xd6, 0xa5, 0x0f, 0xa9,
    0x4c, 0x55, 0x4b, 0x2a, 0x4b, 0x55, 0x6f, 0x66, 0x9a, 0x69, 0xed, 0x70, 0xb9, 0xf9, 0xe2, 0x8d, 0xab, 0x1d, 0x4d,
    0xb0, 0xcb, 0x56, 0xfe, 0x60, 0x6a, 0x1b, 0xaa, 0x6f, 0x60, 0x19, 0x4a, 0x5a, 0x51, 0xfd, 0xd1, 0x0b, 0xf0, 0x4a,
    0x5a, 0x30, 0x80, 0x3a, 0x97, 0xc5, 0xf4, 0x61, 0xfd, 0xad, 0x29, 0xc0, 0x82, 0xc6, 0xe6, 0xbe, 0x65, 0x7e, 0xac,
    0xf6, 0x91, 0x43, 0xc6, 0xab, 0xb6, 0xc0, 0x50, 0xf6, 0x44, 0x12, 0x6d, 0x0d, 0xbe, 0xa9, 0x4d, 0x87, 0x65, 0x33,
    0x78, 0xd5, 0x2a, 0x97, 0xc1, 0x08, 0xd5, 0xfe, 0x38, 0x9f, 0x4c, 0xa5, 0x51, 0xd9, 0xa4, 0xfb, 0x11, 0xd5, 0x03,
    0xd6, 0xef, 0xcb, 0x35, 0x65, 0x8d, 0x36, 0x92, 0x65, 0x1b, 0x2b, 0x56, 0x79, 0x0e, 0x36, 0x3a, 0xe5, 0xac, 0x2a,
    0xaa, 0x64, 0xc5, 0xd6, 0x56, 0x25, 0x26, 0xbf, 0xb7, 0x91, 0x65, 0x0a, 0xcf, 0xb4, 0x6d, 0x07, 0x52, 0x0d, 0xd9,
    0xab, 0x51, 0xd6, 0x73, 0x9f, 0x97, 0x4b, 0xd8, 0x99, 0x97, 0x65, 0xff, 0x6e, 0x69, 0xf3, 0x77, 0x7e, 0x81, 0xef,
    0x56, 0x6d, 0x48, 0x32, 0x9f, 0xe4, 0x09, 0xf5, 0xc3, 0x7c, 0x4a, 0xb3, 0xb0, 0xc4, 0x77, 0xe7, 0xeb, 0x1d, 0x13,
    0x17, 0x15, 0x36, 0x65, 0x0d, 0xcb, 0x05, 0x50, 0xbf, 0xe1, 0x40, 0x61, 0xf3, 0xf7, 0x4d, 0x67, 0xaf, 0x7f, 0x57,
    0x22, 0xec, 0xae, 0xf8, 0x80, 0xbf, 0xa5, 0xbc, 0x80, 0xe1, 0x6d, 0x67, 0x5e, 0xd8, 0xf3, 0xba, 0x5e, 0x2f, 0x44,
    0xd2, 0x5b, 0x78, 0x65, 0x3b, 0x9b, 0x6f, 0x21, 0xa2, 0x42, 0xf1, 0x29, 0xb9, 0x6a, 0xfa, 0x9c, 0x19, 0x25, 0xa7,
    0xc1, 0xa9, 0xd9, 0xf6, 0xe7, 0x29, 0x8b, 0xef, 0xdc, 0x30, 0x65, 0xa2, 0x0d, 0x21, 0xc2, 0x10, 0xcf, 0xd5, 0x0b,
    0x70, 0x34, 0x4a, 0xdf, 0x7c, 0x69, 0xf6, 0x73, 0x38, 0xa2, 0x24, 0xdc, 0x4c, 0x99, 0xd8, 0x0c, 0xf1, 0x31, 0x81,
    0x16, 0x9b, 0x9b, 0xf3, 0x37, 0x91, 0x18, 0x7b, 0x3c, 0xca, 0x92, 0x7c, 0xe2, 0x82, 0xd9, 0xf5, 0x0d, 0xbb, 0xa5,
    0x89, 0xfb, 0x35, 0xf2, 0x8a, 0x94, 0xc5, 0xd4, 0xed, 0xa1, 0x72, 0x33, 0xc4, 0x39, 0x25, 0x61, 0x10, 0x6e, 0x1f,
    0xe3, 0x82, 0x92, 0xf0, 0x70, 0x73, 0x9e, 0xd3, 0x72, 0x10, 0xe2, 0x9b, 0x2a, 0x02, 0x81, 0xcf, 0x88, 0x8b, 0xc8,
    0xe0, 0x46, 0xc3, 0x74, 0x9c, 0x4f, 0x54, 0x24, 0x22, 0x44, 0xf8, 0x85, 0x9c, 0x84, 0xf6, 0x09, 0x2f, 0x16, 0xc6,
    0xfe, 0xd9, 0x20, 0x61, 0x2e, 0xdd, 0x7f, 0xe1, 0xd6, 0x96, 0x55, 0x56, 0x59, 0x42, 0xf8, 0x39, 0x69, 0x6c, 0xb8,
    0x71, 0x0c, 0x0e, 0xed, 0xc1, 0x73, 0xa9, 0xbd, 0x4c, 0x83, 0xc0, 0x33, 0x9e, 0x0d, 0x26, 0x28, 0x8f, 0x44, 0xce,
    0x2f, 0x6c, 0x6b, 0x0a, 0xbf, 0x25, 0xe1, 0xb9, 0xf3, 0x9f, 0x7e, 0xf6, 0xdd, 0xf0, 0x3b, 0x7e, 0x11, 0xe2, 0x4f,
    0x64, 0xe7, 0xd0, 0x0d, 0x7c, 0x77, 0xa3, 0xdd, 0x5e, 0x7c, 0xb7, 0x73, 0xfe, 0xa7, 0xa8, 0xfd, 0xc3, 0x51, 0xfb,
    0x8f, 0x17, 0x68, 0xe1, 0x7e, 0xb7, 0x13, 0x9c, 0xeb, 0xa7, 0xf3, 0x3f, 0x0d, 0xbe, 0x2b, 0x2e, 0x7e, 0xa9, 0x0a,
    0x37, 0x11, 0xda, 0x19, 0xe1, 0x94, 0x92, 0x9d, 0x76, 0x7b, 0xb0, 0x33, 0xc2, 0x33, 0x4a, 0x76, 0xe0, 0xdf, 0x23,
    0xf2, 0x9e, 0x8e, 0x5e, 0xdc, 0x4e, 0xdd, 0x70, 0xb0, 0xd8, 0x9c, 0xbf, 0x2d, 0xa1, 0xd7, 0xf3, 0x3f, 0x7d, 0xf7,
    0x5d, 0xd1, 0xfa, 0xc5, 0x80, 0xec, 0x5c, 0x6c, 0x23, 0x17, 0x4a, 0x7f, 0x49, 0xe4, 0x5f, 0x37, 0xf0, 0xcf, 0xff,
    0xe4, 0x7c, 0x27, 0xbe, 0xcb, 0x00, 0x8e, 0xd6, 0x2f, 0xbe, 0x0b, 0x0f, 0x07, 0xe4, 0x62, 0xe1, 0xb6, 0x16, 0xbf,
    0x40, 0x0b, 0x84, 0x16, 0x9b, 0x28, 0xc4, 0xe1, 0x28, 0x84, 0xdd, 0x15, 0xd9, 0xf9, 0xc5, 0xce, 0x08, 0x0f, 0x29,
    0xd9, 0x69, 0xed, 0x8c, 0xf0, 0x94, 0x92, 0x9d, 0x3f, 0xb9, 0x81, 0xaf, 0xfc, 0x8d, 0x0b, 0xe9, 0xac, 0x58, 0x40,
    0x78, 0x26, 0xe2, 0x34, 0x5a, 0x08, 0x26, 0x52, 0x8a, 0x36, 0x77, 0x18, 0xfe, 0x48, 0x80, 0x71, 0x5c, 0x01, 0x5e,
    0xa2, 0x0c, 0x91, 0x81, 0x3b, 0xbf, 0x84, 0x45, 0x06, 0x5a, 0xd9, 0xf4, 0x29, 0x56, 0x7b, 0xfc, 0xc2, 0x17, 0xf8,
    0x3a, 0x4a, 0x67, 0xb4, 0xf0, 0xb3, 0x12, 0x21, 0xb7, 0x8b, 0xf0, 0x1b, 0xed, 0x2d, 0x05, 0xf6, 0x53, 0xf4, 0x93,
    0xe5, 0xca, 0xb0, 0x0a, 0x11, 0x3e, 0x59, 0xf3, 0x52, 0x8c, 0xc1, 0x59, 0x80, 0xf0, 0x84, 0x36, 0xe2, 0xaf, 0xef,
    0x88, 0x59, 0xf7, 0x33, 0x4e, 0xe9, 0xef, 0xa2, 0xf4, 0x13, 0xe5, 0xee, 0x0d, 0xee, 0xf6, 0xbe, 0x46, 0xfd, 0x2a,
    0x98, 0x36, 0xd6, 0xb1, 0x05, 0x50, 0x8a, 0x6a, 0x11, 0x37, 0x56, 0xfc, 0xc2, 0x21, 0x8f, 0x6e, 0x42, 0xd4, 0x08,
    0xcb, 0x86, 0x2c, 0xbb, 0x8e, 0x52, 0x96, 0x38, 0x82, 0x4e, 0xa6, 0x69, 0x24, 0xa8, 0xa3, 0xa7, 0xe3, 0x44, 0x40,
    0x15, 0x61, 0xa5, 0xf0, 0x99, 0x65, 0x04, 0x0b, 0x9f, 0x51, 0xaf, 0x66, 0x02, 0x10, 0xd8, 0xc0, 0x5b, 0x23, 0x6a,
    0xe2, 0x06, 0x26, 0xc2, 0xa1, 0x03, 0x8e, 0xed, 0x2e, 0xe6, 0x20, 0x27, 0x18, 0x8e, 0x88, 0x20, 0x84, 0xf4, 0x82,
    0xf0, 0xb0, 0xb8, 0x1e, 0x0d, 0x42, 0x1f, 0x9e, 0x76, 0x83, 0xf0, 0x70, 0x12, 0x89, 0xf1, 0x20, 0x84, 0xc8, 0x4e,
    0x4e, 0x3e, 0x55, 0xdb, 0x68, 0x41, 0x3a, 0x7d, 0x71, 0x98, 0xf5, 0xc5, 0xf6, 0x76, 0x15, 0x34, 0x39, 0x17, 0x17,
    0xb8, 0xc0, 0x31, 0x4e, 0x49, 0xbb, 0x8b, 0x67, 0xa4, 0x23, 0x2b, 0xf7, 0x67, 0x87, 0x26, 0x6e, 0xbb, 0xb5, 0xe5,
    0xe6, 0x5e, 0x1a, 0x15, 0xe2, 0x55, 0x96, 0xd0, 0x5b, 0x32, 0xc3, 0x31, 0xc9, 0x3d, 0x7a, 0x4b, 0x63, 0x37, 0x43,
    0x38, 0x36, 0x2e, 0xb9, 0x3e, 0x9a, 0x11, 0xab, 0x1a, 0xce, 0x09, 0x21, 0x9f, 0x82, 0xf8, 0xbc, 0x7b, 0x41, 0x08,
    0x09, 0x37, 0xda, 0xed, 0x30, 0xc8, 0x49, 0x4a, 0x7d, 0x5d, 0xa2, 0xe7, 0x1d, 0x9f, 0xf7, 0x1a, 0x4f, 0xbb, 0x17,
    0xb6, 0xc3, 0x34, 0x27, 0x47, 0xc8, 0x77, 0xa7, 0xd4, 0x13, 0xb4, 0x10, 0x2e, 0xd4, 0x45, 0xd2, 0xf0, 0x36, 0xa4,
    0x7c, 0xb8, 0x13, 0x6e, 0x43, 0xa9, 0x24, 0x46, 0x88, 0xcf, 0x1e, 0x21, 0x3f, 0x27, 0x33, 0xea, 0xc3, 0xe0, 0x47,
    0x41, 0x7c, 0xde, 0x91, 0x83, 0x0f, 0xc2, 0xc0, 0xcd, 0x09, 0x0b, 0x82, 0x4f, 0x72, 0x8e, 0x68, 0x09, 0x86, 0x94,
    0xb4, 0x7b, 0xbe, 0x9b, 0xda, 0xd0, 0xb7, 0xa1, 0x57, 0x3d, 0x7d, 0x5c, 0x10, 0xa8, 0x8f, 0x73, 0x02, 0xe0, 0xd5,
    0xcd, 0x8e, 0x7c, 0xfd, 0x1c, 0xb6, 0xc2, 0x60, 0x48, 0xfd, 0x84, 0x22, 0x39, 0xee, 0x90, 0x2e, 0x16, 0xf0, 0x6f,
    0x42, 0x83, 0x9c, 0x1c, 0xc9, 0xa2, 0x54, 0x17, 0xcd, 0xa0, 0xe8, 0x93, 0x0f, 0xf3, 0xc2, 0xcc, 0x18, 0xae, 0x72,
    0x9b, 0x93, 0x10, 0x09, 0xf2, 0xd6, 0x16, 0x3d, 0x17, 0xdb, 0xdd, 0x0b, 0x88, 0x58, 0x70, 0x51, 0xfc, 0x8e, 0x89,
    0xb1, 0x1b, 0xee, 0x0c, 0x42, 0x14, 0x84, 0x0e, 0xac, 0x65, 0x3f, 0xda, 0x26, 0x0a, 0xb1, 0xd9, 0x76, 0x41, 0xfd,
    0x74, 0x40, 0x3a, 0x81, 0xcb, 0x95, 0x50, 0x2e, 0x10, 0xce, 0xb4, 0x04, 0xec, 0xe0, 0x14, 0x6d, 0x47, 0x74, 0xdb,
    0x3c, 0xa7, 0x68, 0xfb, 0x78, 0x3b, 0x41, 0x7e, 0xb6, 0x7d, 0xbc, 0xed, 0xa6, 0x84, 0x90, 0x76, 0x2f, 0x10, 0x7e,
    0x62, 0x62, 0x6a, 0xe7, 0x92, 0xd2, 0xa3, 0x6d, 0x17, 0x9c, 0xb0, 0x8b, 0x45, 0x78, 0x18, 0x0c, 0x42, 0xb4, 0xed,
    0x1a, 0xba, 0xda, 0x69, 0x12, 0xd6, 0x4e, 0x45, 0x59, 0x08, 0x61, 0x7e, 0x51, 0xe2, 0x6f, 0x4c, 0xb8, 0xa8, 0x91,
    0xce, 0x30, 0xaf, 0x99, 0xd8, 0xe2, 0xed, 0xac, 0xc4, 0x7a, 0xc7, 0xc9, 0x94, 0xf1, 0x37, 0x85, 0x79, 0x82, 0xbb,
    0x52, 0xed, 0xb8, 0x3a, 0x38, 0x27, 0x1d, 0x5c, 0x10, 0x51, 0xd3, 0x79, 0x4c, 0xea, 0x8a, 0xf8, 0x3c, 0xc5, 0xb3,
    0x0b, 0x32, 0x92, 0x1b, 0x6c, 0x54, 0xf9, 0xb2, 0x69, 0x4a, 0xe8, 0x52, 0x44, 0x39, 0xc5, 0x1c, 0xe1, 0x77, 0x5e,
    0x3c, 0xe3, 0x9c, 0x66, 0xe2, 0x24, 0x4f, 0xb4, 0x89, 0x46, 0x53, 0x30, 0x2c, 0x21, 0x54, 0x8c, 0x33, 0x98, 0xdf,
    0x62, 0x01, 0xff, 0xec, 0x36, 0xbc, 0x3d, 0x75, 0x1d, 0x65, 0xcb, 0xc8, 0x08, 0x72, 0x9f, 0x9a, 0x0c, 0x04, 0xb9,
    0x2a, 0xd2, 0x87, 0x1f, 0xc3, 0x0b, 0xe8, 0xbb, 0x40, 0xa5, 0x64, 0x1a, 0x97, 0x91, 0x77, 0x5e, 0x46, 0x6f, 0xe5,
    0x80, 0x2e, 0x42, 0x9a, 0x39, 0xb6, 0xb6, 0x62, 0x3d, 0x9f, 0xc3, 0xa2, 0x2f, 0x05, 0x0a, 0xf3, 0xb2, 0x3c, 0xa1,
    0x80, 0x13, 0x48, 0x1d, 0xd0, 0x45, 0xf6, 0xd6, 0x0e, 0xbc, 0x5c, 0x0d, 0x3f, 0x2c, 0x03, 0x23, 0xa7, 0x7a, 0x2d,
    0x83, 0xc3, 0x2e, 0x42, 0xd2, 0x0c, 0x86, 0x20, 0x9d, 0x04, 0x2a, 0x32, 0x2e, 0x5e, 0x41, 0x66, 0xe7, 0xf9, 0xf6,
    0xf6, 0x05, 0xce, 0x48, 0xb3, 0x9d, 0x4b, 0x91, 0x57, 0x4c, 0x53, 0x26, 0xdc, 0x63, 0x70, 0x92, 0xec, 0xb8, 0xe7,
    0x5e, 0xf0, 0xab, 0x0b, 0x14, 0xb8, 0xde, 0x2f, 0xd1, 0x8e, 0x62, 0x6a, 0x81, 0xfa, 0xb1, 0xa2, 0xa8, 0xb9, 0x0c,
    0x4a, 0x76, 0x31, 0x03, 0x96, 0xf0, 0x23, 0x9c, 0x45, 0x13, 0xea, 0x73, 0xe0, 0x37, 0xb3, 0xb6, 0x19, 0x86, 0xb5,
    0xf6, 0xb9, 0xe6, 0x72, 0x2f, 0x0c, 0xae, 0x69, 0xf5, 0x14, 0x84, 0xc1, 0x5d, 0xfd, 0xf4, 0xab, 0x30, 0xb8, 0xa2,
    0xfe, 0xfb, 0x12, 0x61, 0xb6, 0xe2, 0xfa, 0xa0, 0xc6, 0xa9, 0x6c, 0xd3, 0xfd, 0x31, 0xf0, 0x7a, 0x03, 0x92, 0x27,
    0x06, 0x92, 0x7b, 0x3a, 0x91, 0x04, 0x61, 0xa4, 0x05, 0xf3, 0x44, 0x34, 0x02, 0x34, 0x55, 0xc1, 0x0a, 0x66, 0x27,
    0x0a, 0xd4, 0x58, 0x10, 0x96, 0x50, 0x95, 0x14, 0x35, 0xe8, 0xa0, 0x79, 0xa3, 0xae, 0x34, 0x5d, 0x9a, 0xe1, 0xf2,
    0xda, 0x2f, 0x49, 0x3a, 0xfd, 0xec, 0x50, 0xf4, 0xb3, 0xed, 0x6d, 0xc4, 0x74, 0xc6, 0x81, 0xe4, 0x23, 0x7c, 0x06,
    0x56, 0xb3, 0x4d, 0x0d, 0xb8, 0x31, 0x99, 0x9e, 0x9e, 0xcc, 0xf6, 0x76, 0x54, 0xa2, 0xbe, 0xd5, 0x54, 0xa8, 0xa6,
    0x65, 0xa9, 0x70, 0xb2, 0x4c, 0x2c, 0x07, 0x9a, 0x58, 0x20, 0xd8, 0x41, 0x08, 0xc9, 0x29, 0x5a, 0xdb, 0x2d, 0x74,
    0x0a, 0xed, 0xf5, 0xdc, 0xdb, 0x5d, 0x25, 0xd5, 0x5d, 0x40, 0x83, 0x8c, 0x93, 0xc8, 0x6a, 0x6f, 0x87, 0xee, 0x31,
    0xa6, 0xdb, 0x5d, 0x49, 0xa9, 0xed, 0x6e, 0xbf, 0xd9, 0xd7, 0x53, 0x0b, 0xdf, 0x74, 0x9b, 0x1c, 0x57, 0x68, 0x2a,
    0xcb, 0x68, 0x7b, 0xbb, 0x6c, 0x06, 0x5e, 0x0d, 0xe3, 0x59, 0x7e, 0xa9, 0x9b, 0xe5, 0x2c, 0x0f, 0xa3, 0x11, 0x6b,
    0x1d, 0x98, 0x79, 0x2c, 0xcb, 0x28, 0x07, 0x9d, 0x47, 0x28, 0xce, 0xca, 0xb2, 0x56, 0xbf, 0xaf, 0x94, 0x07, 0x83,
    0x50, 0x93, 0x15, 0x45, 0x08, 0x79, 0x63, 0x12, 0x61, 0x44, 0x5f, 0x79, 0xe9, 0xea, 0x3d, 0x5b, 0x00, 0x2e, 0xaf,
    0xe3, 0xd4, 0x97, 0xff, 0xe4, 0x81, 0x77, 0xce, 0x2f, 0x70, 0x44, 0x60, 0xeb, 0x53, 0x45, 0x16, 0x3c, 0x29, 0x88,
    0x9e, 0x33, 0x4e, 0xa5, 0x81, 0xbb, 0x59, 0x29, 0xe2, 0xc0, 0xde, 0x6c, 0x6e, 0x10, 0x12, 0x81, 0x96, 0x09, 0x60,
    0x6f, 0xf2, 0x36, 0xf0, 0x5c, 0x88, 0x14, 0x47, 0xf5, 0x38, 0x46, 0x70, 0xfb, 0x2e, 0x93, 0x36, 0x45, 0x04, 0x5e,
    0x1e, 0x06, 0x95, 0xcf, 0x64, 0x94, 0x96, 0x83, 0x58, 0x5c, 0x06, 0x8b, 0x30, 0xdf, 0xd5, 0x90, 0x49, 0x3b, 0x1a,
    0xdc, 0x56, 0x0c, 0x61, 0xd6, 0x08, 0x0f, 0x12, 0x98, 0xb2, 0xec, 0xe9, 0x14, 0xe6, 0xee, 0x29, 0xe3, 0x07, 0x61,
    0x26, 0xfb, 0x14, 0xd2, 0x22, 0xb8, 0xa4, 0xeb, 0x53, 0xc7, 0xea, 0xed, 0xd4, 0xb7, 0x60, 0x17, 0x98, 0x87, 0x93,
    0x46, 0xc0, 0xe3, 0x72, 0xf3, 0xe8, 0xb9, 0x49, 0xf2, 0xba, 0xdc, 0x3c, 0x7a, 0xa3, 0xf3, 0xbc, 0xa6, 0x91, 0x91,
    0x91, 0x2b, 0x5b, 0xa4, 0xa3, 0x37, 0x5e, 0xfd, 0x56, 0x56, 0xbe, 0xdc, 0x3c, 0xfa, 0xb0, 0xae, 0x1a, 0x94, 0x97,
    0x33, 0x1d, 0x81, 0x9a, 0xd3, 0xd4, 0x9f, 0x6b, 0x19, 0xea, 0x8b, 0x12, 0x4b, 0xe1, 0xed, 0x67, 0x65, 0xb5, 0x6d,
    0x7e, 0x8e, 0x39, 0x71, 0x69, 0xa0, 0x08, 0x84, 0xe5, 0xd9, 0x69, 0x9c, 0x4f, 0x69, 0x10, 0xdc, 0x20, 0x8f, 0x4d,
    0x20, 0xd5, 0x44, 0x02, 0x23, 0xf0, 0x46, 0x07, 0xf5, 0x9b, 0x42, 0x9c, 0xeb, 0x85, 0x6f, 0x30, 0x56, 0xad, 0x37,
    0xb2, 0xf3, 0x8e, 0x0a, 0x38, 0xf6, 0x8b, 0x0a, 0xb5, 0x4a, 0xe2, 0xc2, 0x0a, 0x16, 0x8a, 0xea, 0xb5, 0x8c, 0xec,
    0x17, 0xd2, 0x8f, 0x28, 0xb5, 0x9c, 0x90, 0x4b, 0xf9, 0xda, 0x65, 0x98, 0xc9, 0x8e, 0x4f, 0xd9, 0x55, 0x0a, 0xa9,
    0x18, 0x00, 0x2f, 0xa6, 0xc8, 0xaf, 0xaa, 0x76, 0x75, 0xd5, 0xc2, 0x93, 0x98, 0x67, 0xb8, 0xf0, 0x40, 0x2c, 0xe2,
    0x42, 0x27, 0xab, 0x14, 0xab, 0x4d, 0x9e, 0xc8, 0xb5, 0x85, 0x46, 0xb7, 0x14, 0x5c, 0x7f, 0xea, 0x7d, 0xed, 0xb0,
    0xfa, 0x56, 0xf1, 0x9c, 0x40, 0x12, 0xfe, 0xed, 0xed, 0xfc, 0xa2, 0x04, 0x5f, 0x58, 0x11, 0x28, 0x68, 0xa5, 0xc5,
    0xd3, 0x9c, 0xee, 0xf6, 0x76, 0x95, 0x0e, 0xd3, 0xc4, 0xce, 0x0d, 0xe6, 0xe5, 0xb4, 0x8e, 0x02, 0x76, 0x96, 0xc2,
    0x27, 0x66, 0x40, 0x64, 0x07, 0x24, 0xdd, 0xcc, 0x80, 0xde, 0x24, 0xda, 0xa3, 0x57, 0x52, 0x18, 0x21, 0x45, 0xb8,
    0xf0, 0x24, 0x53, 0x10, 0xb0, 0xcc, 0x7b, 0xd2, 0x2d, 0x8c, 0x44, 0xe8, 0xc1, 0x74, 0x40, 0x24, 0xe0, 0xd7, 0x95,
    0x31, 0xf0, 0x00, 0xb1, 0x48, 0xd6, 0xfa, 0x50, 0x79, 0x6d, 0x8f, 0xaf, 0xcb, 0xe5, 0x44, 0x48, 0x60, 0x23, 0x45,
    0xd1, 0x12, 0x89, 0xbd, 0x0a, 0x59, 0x2f, 0xc9, 0xc9, 0xfd, 0xc4, 0x7d, 0x64, 0x11, 0xf7, 0x33, 0x22, 0x2c, 0x42,
    0x57, 0x11, 0x21, 0x2f, 0xd7, 0x5b, 0x69, 0x8e, 0xab, 0xa1, 0x21, 0x43, 0xc1, 0x0a, 0x74, 0x05, 0xc1, 0x46, 0x67,
    0x95, 0x29, 0x2c, 0xe3, 0x00, 0x86, 0xb1, 0x78, 0xc2, 0x72, 0x05, 0xbd, 0xa9, 0x62, 0x9f, 0x16, 0x76, 0x69, 0xd0,
    0xd0, 0xf4, 0x5d, 0x99, 0xfe, 0x28, 0xac, 0x0e, 0x20, 0xde, 0xa3, 0x92, 0x2d, 0x23, 0x7e, 0x0f, 0x0f, 0x1e, 0xc9,
    0x0a, 0x34, 0x4b, 0xd6, 0xbf, 0x7e, 0x56, 0xea, 0xe5, 0x51, 0xa0, 0xa0, 0x39, 0x25, 0xaf, 0x54, 0x86, 0x85, 0x4c,
    0x3a, 0x01, 0x37, 0x4f, 0x00, 0x83, 0x9f, 0x2c, 0x16, 0xd4, 0xec, 0x69, 0xe1, 0x39, 0x0c, 0x83, 0xca, 0xcd, 0xfa,
    0x72, 0x83, 0x90, 0x93, 0xda, 0x63, 0xf4, 0xbe, 0xf6, 0xe4, 0x01, 0xc6, 0x91, 0x0f, 0xbe, 0xf1, 0xaa, 0x60, 0x6b,
    0x0b, 0x1e, 0xdf, 0x98, 0xea, 0x32, 0xdd, 0xcd, 0xab, 0x8d, 0xbc, 0x9a, 0x8c, 0xa8, 0x3d, 0x77, 0x63, 0xe3, 0x83,
    0xa6, 0x56, 0x2b, 0xff, 0x09, 0x5a, 0xd6, 0x7d, 0xc8, 0x5f, 0x67, 0xd5, 0xaf, 0x4d, 0x30, 0x0b, 0xde, 0x2e, 0xa7,
    0x73, 0x2c, 0xa1, 0xdf, 0x63, 0x59, 0x41, 0xb9, 0x78, 0x46, 0x87, 0x39, 0xa7, 0xae, 0xb5, 0xfa, 0xa8, 0x3c, 0xb3,
    0x9c, 0x37, 0x72, 0x7e, 0x96, 0xe3, 0x77, 0x69, 0x82, 0xf2, 0xd7, 0x5b, 0xe9, 0xfc, 0xbd, 0x5c, 0x6e, 0x75, 0xb2,
    0xb5, 0xf5, 0xa2, 0x46, 0x13, 0x0a, 0x6a, 0x28, 0x2c, 0x39, 0xa1, 0xb4, 0x31, 0x35, 0x53, 0xa8, 0x36, 0x97, 0x86,
    0x67, 0x6d, 0x76, 0x7f, 0x49, 0x68, 0xb9, 0x69, 0xe4, 0xa4, 0xde, 0xdf, 0x2e, 0xd9, 0xc8, 0xa0, 0xf3, 0x88, 0x15,
    0x08, 0xd7, 0x59, 0xa0, 0xd5, 0xd8, 0xc7, 0x80, 0x24, 0x37, 0x03, 0xbb, 0xb7, 0xc1, 0xc7, 0x34, 0x25, 0xdf, 0x2c,
    0xe9, 0xdc, 0x31, 0x85, 0xf0, 0x03, 0xce, 0xbc, 0xb1, 0xcc, 0xfb, 0xb4, 0xb9, 0x00, 0x21, 0xdb, 0x86, 0x06, 0xc8,
    0x02, 0xa5, 0x21, 0x20, 0x2a, 0x54, 0x95, 0x79, 0x53, 0x57, 0x34, 0x4c, 0x09, 0x10, 0x64, 0x97, 0x10, 0x99, 0x92,
    0xc4, 0x06, 0x0a, 0xda, 0xd3, 0x99, 0x48, 0xa6, 0xdf, 0x3e, 0x95, 0x8d, 0xb0, 0xc6, 0x46, 0xd6, 0x9c, 0x7b, 0xa9,
    0x27, 0xa0, 0x65, 0xd4, 0x84, 0xaa, 0x00, 0x87, 0x11, 0x29, 0x75, 0x06, 0x81, 0x35, 0xb7, 0x89, 0x8a, 0xeb, 0xd2,
    0x5a, 0xc8, 0x4a, 0x30, 0xbe, 0x51, 0x88, 0x2d, 0x3f, 0x81, 0x27, 0xf4, 0xb9, 0xb5, 0x4a, 0x56, 0x00, 0xe1, 0xa5,
    0xad, 0x0e, 0xdf, 0x43, 0x7a, 0x43, 0x23, 0x45, 0xe3, 0xe8, 0x25, 0xe6, 0x98, 0x59, 0x92, 0x32, 0x52, 0x59, 0x2a,
    0x4c, 0xc6, 0x04, 0x95, 0x78, 0x0b, 0x32, 0x25, 0xa1, 0x55, 0x0e, 0xb7, 0x8a, 0xb5, 0x7b, 0x6f, 0xdd, 0xb3, 0xca,
    0x2d, 0x6a, 0xfd, 0x5e, 0xc2, 0xb0, 0xcf, 0x49, 0x76, 0xce, 0x2e, 0x30, 0x57, 0x22, 0x34, 0x42, 0x98, 0x6d, 0x6f,
    0xf7, 0x99, 0xbd, 0xb7, 0xae, 0x61, 0xe3, 0x90, 0xe6, 0x0a, 0xc4, 0xdb, 0x50, 0x41, 0x0c, 0xf6, 0x75, 0x3a, 0xcd,
    0x98, 0x81, 0xf3, 0xf4, 0xe8, 0xbd, 0x6b, 0xcb, 0xa2, 0x86, 0xba, 0x52, 0x5e, 0x77, 0xf3, 0xf2, 0x9d, 0xb4, 0x5e,
    0x30, 0x38, 0x66, 0x51, 0xdf, 0x66, 0xe1, 0x67, 0x7d, 0x83, 0xfe, 0x5b, 0xd8, 0x11, 0x58, 0x5d, 0xf4, 0x65, 0x81,
    0xb2, 0xad, 0x21, 0x83, 0x89, 0x88, 0xb2, 0x2c, 0x68, 0x1d, 0x1f, 0xb6, 0xd9, 0xe3, 0x0d, 0x59, 0x4e, 0x6e, 0x92,
    0x02, 0xb5, 0xe6, 0x42, 0x18, 0x1f, 0x98, 0xaa, 0xc4, 0xef, 0xb5, 0xd5, 0x02, 0x82, 0x4c, 0xdb, 0xe5, 0xee, 0xda,
    0x3c, 0x2d, 0x63, 0xb5, 0x7f, 0xde, 0xd6, 0x58, 0xa3, 0x32, 0x20, 0x90, 0x57, 0x2b, 0x8d, 0xee, 0x23, 0x94, 0x86,
    0x1e, 0xd5, 0xc0, 0x0c, 0xaa, 0xbc, 0xa1, 0x37, 0x78, 0x53, 0x6f, 0xb0, 0x6a, 0x29, 0x06, 0xb0, 0x73, 0x3c, 0xef,
    0x80, 0xbb, 0x22, 0x0c, 0xe1, 0x67, 0x57, 0xfd, 0xb4, 0x44, 0xaa, 0xf2, 0x06, 0xba, 0x59, 0x65, 0x36, 0x23, 0x0f,
    0x92, 0x69, 0x5d, 0x19, 0x70, 0x92, 0x74, 0xac, 0xc9, 0xc7, 0xa8, 0xdf, 0xac, 0xf2, 0xf1, 0x03, 0xc4, 0x4d, 0xa9,
    0xae, 0x34, 0xa2, 0xb2, 0x7d, 0xec, 0x46, 0x38, 0x22, 0x1b, 0x72, 0xdb, 0xc2, 0xea, 0x1c, 0x7c, 0x5b, 0xfe, 0xe3,
    0x0e, 0x98, 0x47, 0x1b, 0x2f, 0xa4, 0xff, 0x6a, 0x9d, 0x14, 0xc7, 0x91, 0x45, 0x83, 0x2f, 0x09, 0xb5, 0x78, 0x9d,
    0x13, 0x8a, 0x73, 0xac, 0x72, 0x30, 0x28, 0x61, 0xe7, 0x1d, 0x70, 0x82, 0x74, 0xfa, 0xf9, 0x21, 0xab, 0x37, 0x4c,
    0xf9, 0xf6, 0x36, 0x2a, 0xcc, 0x78, 0xfc, 0x3c, 0xdb, 0xce, 0x2f, 0xb0, 0xc0, 0x39, 0xd8, 0x32, 0x52, 0x45, 0xb8,
    0x45, 0x3d, 0xe2, 0x79, 0x7e, 0x81, 0x70, 0xb4, 0x58, 0x00, 0x38, 0x05, 0x5a, 0x2c, 0x0a, 0x1b, 0x9c, 0xf3, 0xfc,
    0x42, 0xb6, 0x39, 0x09, 0x28, 0x39, 0x91, 0xfa, 0xe6, 0x04, 0x74, 0xe5, 0x36, 0x71, 0x8b, 0x20, 0x08, 0x43, 0xb4,
    0xcd, 0xce, 0xf3, 0xed, 0xee, 0x85, 0x25, 0x4b, 0xce, 0xf3, 0x0b, 0x52, 0x94, 0xd1, 0xd6, 0xd6, 0x86, 0x89, 0xf0,
    0x7d, 0x04, 0x95, 0x01, 0x7f, 0xe6, 0x52, 0xdf, 0x05, 0x0d, 0xc2, 0x5a, 0xde, 0x2f, 0x56, 0x0b, 0xae, 0xb1, 0x6e,
    0xea, 0x35, 0xe2, 0xef, 0x55, 0x25, 0x4c, 0x25, 0x14, 0x65, 0x89, 0xaf, 0xe9, 0x52, 0x7a, 0xec, 0xfb, 0xf9, 0xba,
    0xa4, 0x23, 0xcf, 0xf3, 0x22, 0x3e, 0x92, 0xae, 0xe6, 0x42, 0x03, 0x2d, 0xa9, 0x72, 0x57, 0x01, 0x68, 0x0f, 0x79,
    0x5e, 0x8d, 0x72, 0x41, 0x14, 0xe0, 0x7a, 0x87, 0x41, 0xcb, 0x12, 0xdf, 0xfd, 0xb4, 0xe1, 0xf6, 0x56, 0x87, 0xf3,
    0x44, 0x3e, 0x1a, 0xa5, 0xeb, 0x30, 0x81, 0x37, 0x36, 0xa8, 0x22, 0x8b, 0x13, 0x98, 0xe9, 0xd5, 0xc3, 0x43, 0x5b,
    0x4c, 0xa7, 0x60, 0xa8, 0x0b, 0x2c, 0x00, 0xf6, 0x97, 0xad, 0x13, 0x36, 0x74, 0xdd, 0x25, 0x0a, 0x0d, 0x82, 0x13,
    0x64, 0xed, 0xee, 0x56, 0x25, 0xb4, 0x42, 0xcb, 0xd6, 0x16, 0xd8, 0xad, 0x60, 0xc6, 0x78, 0x71, 0x34, 0x15, 0x33,
    0x2e, 0xf3, 0x01, 0xcd, 0x6f, 0x28, 0x86, 0x43, 0x01, 0xb2, 0x0c, 0x7e, 0x40, 0xc1, 0x34, 0x2a, 0x0a, 0x76, 0xad,
    0xca, 0xf4, 0x6f, 0x38, 0x63, 0xa0, 0xa9, 0x2b, 0x53, 0x56, 0x11, 0x47, 0x7d, 0x43, 0x41, 0x4d, 0x62, 0x79, 0x71,
    0x4d, 0x33, 0xf1, 0x9a, 0x15, 0x82, 0x66, 0x94, 0x5b, 0x68, 0x52, 0x0c, 0x89, 0x30, 0x5b, 0x6a, 0x15, 0x25, 0xc9,
    0x83, 0x4d, 0x68, 0x53, 0x13, 0x8e, 0xa3, 0x2c, 0x49, 0xd5, 0x20, 0x72, 0x8d, 0x94, 0xc2, 0xaf, 0x6b, 0xd8, 0x59,
    0x16, 0xb5, 0x3e, 0xae, 0x12, 0x68, 0x8d, 0x54, 0x0a, 0x64, 0xb0, 0x2e, 0x68, 0x50, 0x3b, 0xa6, 0x96, 0x2c, 0xf1,
    0x9a, 0x03, 0x95, 0x25, 0xbe, 0xbd, 0x67, 0x17, 0x59, 0xe5, 0xe0, 0x2c, 0xc9, 0x45, 0xb9, 0x92, 0x4f, 0xee, 0x37,
    0xbc, 0xdf, 0x18, 0xa1, 0x69, 0x04, 0x65, 0xf6, 0x79, 0xf9, 0xad, 0xc8, 0x02, 0xcd, 0x0d, 0x25, 0x00, 0x5c, 0xa7,
    0x94, 0x5c, 0x41, 0x92, 0xfa, 0x4b, 0x31, 0x49, 0x97, 0x0e, 0x1f, 0xf4, 0x4f, 0x21, 0x68, 0xf5, 0x0d, 0x7e, 0x8d,
    0xb0, 0x5b, 0xd5, 0x59, 0x1b, 0x9c, 0xda, 0xf5, 0x76, 0xbd, 0x5d, 0x1d, 0x9c, 0x3a, 0x56, 0x0e, 0x74, 0x9c, 0x19,
    0x17, 0x3a, 0x27, 0x59, 0xa0, 0x23, 0xd9, 0xca, 0x68, 0x0c, 0x02, 0x81, 0x19, 0xe1, 0xca, 0x7e, 0x7d, 0x17, 0x71,
    0xb1, 0xb9, 0x24, 0x4d, 0x8d, 0xd9, 0xb3, 0xdc, 0x4c, 0x9e, 0x26, 0xb0, 0xdb, 0x11, 0xa6, 0x37, 0x91, 0xa2, 0x69,
    0x95, 0x9e, 0x81, 0x1e, 0x85, 0x23, 0x37, 0x26, 0x96, 0x1c, 0x04, 0xf3, 0xb2, 0xda, 0xc0, 0x31, 0xbd, 0xb9, 0x42,
    0x98, 0x95, 0xf8, 0x07, 0x3b, 0x96, 0xf6, 0x6c, 0x89, 0xfb, 0xee, 0x1e, 0xcb, 0xf8, 0x0a, 0xce, 0x2a, 0x6c, 0x08,
    0xd4, 0x21, 0x89, 0xa1, 0x34, 0xeb, 0xf5, 0x3c, 0x37, 0xf1, 0xf6, 0x7b, 0xd3, 0xde, 0x64, 0xe7, 0x6b, 0x02, 0xfc,
    0x7d, 0x7b, 0x31, 0x1b, 0x03, 0x2d, 0xa1, 0x87, 0x50, 0xcb, 0x79, 0x8a, 0xa9, 0x15, 0x50, 0x55, 0x86, 0x87, 0xd5,
    0x81, 0xab, 0xb3, 0xa4, 0x56, 0xa3, 0xcb, 0xcd, 0x01, 0xac, 0x6d, 0x9a, 0xc9, 0x68, 0xa9, 0x0a, 0x10, 0x56, 0x10,
    0x57, 0xc3, 0x58, 0x73, 0x3d, 0x06, 0x57, 0x82, 0xd5, 0x1f, 0xcc, 0x64, 0x0d, 0xa6, 0xd0, 0xda, 0xbc, 0x3b, 0x8d,
    0x88, 0xd5, 0x37, 0xf5, 0x00, 0x81, 0xd7, 0xb0, 0x90, 0x36, 0x3a, 0xe8, 0xbe, 0x6c, 0x39, 0xd5, 0xd9, 0xfa, 0x97,
    0xf7, 0xf7, 0xd7, 0x05, 0x62, 0x51, 0x88, 0x32, 0xbc, 0xf4, 0xa6, 0x2c, 0xfb, 0xcf, 0x14, 0xed, 0x69, 0x4b, 0x5f,
    0x1e, 0x12, 0x7c, 0xd6, 0x4c, 0xeb, 0xfe, 0xc1, 0xab, 0xdf, 0xbf, 0xbc, 0x4b, 0x78, 0x24, 0xa8, 0xe6, 0x26, 0x88,
    0xff, 0xbe, 0xae, 0xde, 0xf9, 0xcf, 0x4a, 0xc5, 0x2e, 0x37, 0x94, 0xd8, 0x6d, 0x96, 0x59, 0xf0, 0x86, 0xae, 0xb6,
    0xc3, 0xae, 0xdd, 0x62, 0x2d, 0x43, 0xee, 0x79, 0xbd, 0x2a, 0x5a, 0xfc, 0x2d, 0x51, 0x81, 0x3f, 0xc9, 0x90, 0x99,
    0xb5, 0x2d, 0x9c, 0x15, 0x22, 0x9f, 0xe8, 0x5e, 0x0a, 0x4f, 0x1d, 0x9b, 0x92, 0x8e, 0x2d, 0x1f, 0xce, 0xa5, 0x35,
    0x4e, 0x9b, 0x40, 0xdc, 0x76, 0x7e, 0x7f, 0x83, 0x12, 0x95, 0xf8, 0x8c, 0x7e, 0xf9, 0xf9, 0x9a, 0xc6, 0x89, 0x1a,
    0xfc, 0x02, 0x24, 0x07, 0x39, 0xb3, 0x85, 0xc7, 0xfc, 0x13, 0xcb, 0x12, 0x9f, 0x63, 0x93, 0x93, 0x0e, 0x07, 0x27,
    0x32, 0x1c, 0x59, 0x3c, 0xbb, 0xee, 0x80, 0x8d, 0xdc, 0xde, 0x30, 0xb9, 0xd1, 0x8a, 0x2c, 0x83, 0xf9, 0x33, 0x8d,
    0x60, 0xbb, 0x03, 0xc1, 0x3d, 0x93, 0x4e, 0x25, 0x5d, 0x8a, 0x61, 0x41, 0x85, 0xa0, 0x3c, 0x84, 0xb3, 0x28, 0x74,
    0xe9, 0x2c, 0x0a, 0x5d, 0x3a, 0x8b, 0xa2, 0xba, 0xc8, 0xb4, 0xf1, 0xa2, 0xdb, 0x47, 0xfa, 0xec, 0x49, 0xa8, 0x76,
    0x9f, 0xca, 0xa1, 0x5f, 0x92, 0xcc, 0x1c, 0xe0, 0x90, 0x4d, 0x2a, 0x33, 0x13, 0x20, 0xb7, 0x4f, 0x6f, 0x48, 0xdb,
    0xc8, 0x3a, 0xc0, 0x91, 0xad, 0x4d, 0x56, 0xe6, 0x98, 0x61, 0x0a, 0x7b, 0x0e, 0x38, 0xc5, 0xc1, 0x32, 0x26, 0x0f,
    0x83, 0xac, 0xf1, 0x8c, 0xc8, 0xa6, 0xc7, 0x2e, 0x37, 0x62, 0x51, 0x3a, 0x2b, 0x44, 0x59, 0x96, 0x90, 0xad, 0x68,
    0x4d, 0x76, 0x3d, 0xa8, 0xd5, 0x99, 0x47, 0x0b, 0x5e, 0x95, 0x0e, 0xd8, 0xff, 0x32, 0x10, 0xcb, 0x46, 0xec, 0xf6,
    0x43, 0x56, 0x28, 0x5a, 0xa7, 0x89, 0x93, 0xd0, 0x38, 0x97, 0x11, 0x7a, 0x27, 0xcd, 0x63, 0xe9, 0xa5, 0xf4, 0x9d,
    0x70, 0x9b, 0x23, 0xcb, 0x47, 0xfd, 0xb2, 0x76, 0x4f, 0x68, 0x9a, 0xb6, 0x76, 0xed, 0x3a, 0x59, 0x20, 0x78, 0xa1,
    0x73, 0x0d, 0x91, 0xef, 0x2e, 0xeb, 0x22, 0xb1, 0x9a, 0xc4, 0x5c, 0x09, 0xd8, 0x46, 0x02, 0xd4, 0xea, 0x79, 0x09,
    0x84, 0x79, 0xa0, 0x29, 0xe0, 0xbe, 0x23, 0x85, 0x12, 0x24, 0x93, 0x18, 0x8f, 0x4c, 0x42, 0x60, 0x05, 0xfc, 0x07,
    0xcb, 0xb7, 0xf2, 0xd2, 0x9d, 0x43, 0x44, 0x0b, 0xcb, 0x93, 0x52, 0xc0, 0x2f, 0x16, 0xf3, 0x74, 0x4b, 0x15, 0x8c,
    0x7e, 0x6e, 0xe9, 0x52, 0x95, 0x1d, 0x5b, 0x1d, 0xd0, 0x01, 0x61, 0x93, 0x79, 0xf5, 0x11, 0x1d, 0x78, 0x7e, 0xaf,
    0x38, 0xcb, 0xd3, 0x68, 0xa4, 0x55, 0xd2, 0x84, 0xb0, 0x13, 0x29, 0xf4, 0x14, 0x9a, 0xc7, 0x24, 0xf5, 0x30, 0xe0,
    0x9e, 0xa8, 0xa0, 0x7d, 0xab, 0xa3, 0xf1, 0x1a, 0xdb, 0xca, 0xce, 0xd4, 0x88, 0x84, 0x18, 0xf8, 0x40, 0xd8, 0x09,
    0x6a, 0xde, 0xf7, 0x33, 0xca, 0xef, 0x4e, 0x29, 0x40, 0x00, 0xa6, 0x0d, 0xd2, 0xfa, 0x5a, 0x1e, 0x74, 0xad, 0x8e,
    0x3f, 0x51, 0x79, 0xfc, 0x49, 0x94, 0xc6, 0xd7, 0xc2, 0xad, 0x55, 0xcb, 0x7c, 0x16, 0x04, 0x4a, 0xd4, 0x28, 0x8d,
    0x68, 0xce, 0x69, 0x59, 0x87, 0x9d, 0x96, 0x0e, 0x47, 0x51, 0x7d, 0x38, 0x4a, 0x3b, 0xe3, 0x65, 0x8a, 0x5b, 0x59,
    0x96, 0xa8, 0xd6, 0x9a, 0xcf, 0xa9, 0x04, 0x5c, 0xb7, 0x35, 0x21, 0x7d, 0x8b, 0xc5, 0x4c, 0x58, 0xa4, 0xe1, 0xd7,
    0x21, 0x91, 0x7a, 0x8b, 0xdd, 0x6c, 0xa3, 0x4a, 0x4a, 0x69, 0x2a, 0x4c, 0x04, 0xa7, 0x30, 0x6c, 0xb2, 0x47, 0x10,
    0x4c, 0xa9, 0x8c, 0x8c, 0xe6, 0xb8, 0xf5, 0x61, 0x55, 0xe8, 0x15, 0xaa, 0xc9, 0xf5, 0xfd, 0x1d, 0xc9, 0x43, 0x1f,
    0x8c, 0x85, 0x79, 0x9c, 0xa7, 0x39, 0x6f, 0x43, 0xa6, 0xe1, 0x84, 0xfa, 0x29, 0x1b, 0x8d, 0x85, 0x93, 0x44, 0xfc,
    0x53, 0xbf, 0xdd, 0x9e, 0x72, 0x36, 0x89, 0xf8, 0x5d, 0x5b, 0xd6, 0xf0, 0xbf, 0xea, 0xec, 0x46, 0x5f, 0x0f, 0xf7,
    0xfa, 0xc3, 0x3c, 0x13, 0xed, 0x61, 0x34, 0x61, 0xe9, 0x9d, 0x3f, 0x63, 0xed, 0x49, 0x9e, 0xe5, 0xc5, 0x34, 0x8a,
    0x29, 0x2e, 0xee, 0x0a, 0x41, 0x27, 0xed, 0x19, 0xc3, 0x2f, 0x69, 0x7a, 0x4d, 0x05, 0x8b, 0x23, 0x7c, 0xc4, 0x59,
    0x94, 0x3a, 0x27, 0x11, 0xe7, 0xf9, 0x0d, 0x7e, 0x9f, 0x5f, 0xe5, 0x22, 0xc7, 0x6f, 0x6f, 0xef, 0x46, 0x34, 0xc3,
    0x1f, 0xae, 0x66, 0x99, 0x98, 0xe1, 0x22, 0xca, 0x8a, 0x76, 0x41, 0x39, 0x1b, 0xf6, 0x05, 0x8f, 0xb2, 0x82, 0x49,
    0xde, 0x8b, 0xd2, 0xd4, 0xf1, 0x76, 0xf7, 0x8b, 0x0d, 0x15, 0x21, 0x88, 0x32, 0x51, 0x86, 0xf8, 0x13, 0x25, 0x79,
    0x78, 0x35, 0x13, 0x22, 0xcf, 0xb0, 0x77, 0x25, 0xb2, 0x79, 0x3c, 0xe3, 0x45, 0xce, 0xfd, 0x69, 0xce, 0x32, 0x48,
    0x27, 0x06, 0xd5, 0x3a, 0xe2, 0xf9, 0x2c, 0x4b, 0x34, 0xc8, 0x2c, 0x1b, 0x53, 0xce, 0x44, 0xbf, 0xf9, 0x64, 0x55,
    0x93, 0xf7, 0x11, 0xf8, 0x29, 0xcb, 0x68, 0xc4, 0xdb, 0x23, 0x1e, 0x25, 0x0c, 0xac, 0xe6, 0xaf, 0x9e, 0x0e, 0xe1,
    0xbf, 0x83, 0x8e, 0xd3, 0xf9, 0xb9, 0xd3, 0xed, 0x74, 0x7e, 0x8e, 0xfa, 0x57, 0x39, 0x4f, 0x28, 0xf7, 0xbb, 0xd3,
    0x5b, 0xa7, 0xc8, 0x21, 0xdf, 0xa3, 0xaa, 0xa3, 0x5f, 0xb5, 0xa1, 0xf1, 0xac, 0xf0, 0xf7, 0xa6, 0xb7, 0xfd, 0x69,
    0x94, 0x40, 0x32, 0x9b, 0xdf, 0x9b, 0xde, 0x96, 0x0a, 0x5c, 0x5f, 0x65, 0x59, 0x49, 0xa8, 0xf5, 0xef, 0xf9, 0x63,
    0xc1, 0xd8, 0xdd, 0x75, 0x3a, 0x3f, 0xc7, 0xfa, 0x21, 0x8e, 0x35, 0x40, 0x35, 0xae, 0xda, 0xc9, 0x8c, 0x2b, 0x81,
    0xd5, 0x2d, 0xcc, 0x70, 0xe3, 0xfc, 0x9a, 0x72, 0x35, 0x9a, 0xfc, 0xf9, 0xe8, 0xc1, 0xe2, 0xd8, 0x1a, 0x6c, 0x77,
    0xf7, 0xe1, 0xc1, 0x3c, 0x9e, 0x25, 0xf3, 0xe6, 0xf4, 0xbb, 0x9c, 0x4e, 0xfa, 0x37, 0x2c, 0x11, 0x63, 0xbf, 0x07,
    0x3f, 0xc7, 0x14, 0x08, 0x4a, 0xfd, 0x96, 0x84, 0x03, 0x59, 0x9c, 0x7e, 0xd7, 0xab, 0x0b, 0x6e, 0x54, 0x8d, 0xfd,
    0x4e, 0xa7, 0x0c, 0x6b, 0x01, 0xf0, 0x37, 0x75, 0x60, 0x00, 0xa8, 0x95, 0x91, 0xca, 0xec, 0x35, 0x89, 0x1a, 0x11,
    0x61, 0x87, 0xbb, 0x81, 0xf0, 0xb9, 0x39, 0xce, 0xcb, 0xc9, 0xa3, 0x24, 0x24, 0xc7, 0xb9, 0x75, 0xec, 0x5e, 0xcb,
    0x2d, 0xb2, 0x9a, 0xed, 0xb5, 0x2c, 0xd1, 0xec, 0x0d, 0x1a, 0x8a, 0xc8, 0xf2, 0xeb, 0x0a, 0xde, 0xfa, 0x40, 0x3c,
    0x00, 0x5e, 0xd8, 0xf1, 0xe6, 0x62, 0x40, 0x3a, 0xfd, 0xa2, 0xdd, 0x46, 0x6e, 0x4e, 0xe8, 0x79, 0x21, 0xf3, 0x5b,
    0x22, 0xe2, 0xc2, 0x3c, 0x72, 0x37, 0x42, 0x3e, 0x1b, 0xc0, 0x0f, 0xe8, 0x26, 0x42, 0xbe, 0xfc, 0x81, 0xd0, 0x62,
    0x11, 0xd5, 0x39, 0x44, 0x83, 0xdd, 0xad, 0xad, 0xe8, 0x3e, 0x31, 0xaa, 0xda, 0xe1, 0xa8, 0x96, 0xf9, 0xbf, 0xa9,
    0x0c, 0xfc, 0x1b, 0x96, 0x25, 0xf9, 0x8d, 0x67, 0x54, 0x9b, 0x37, 0x8d, 0xc4, 0x18, 0x94, 0x6c, 0x95, 0x8e, 0x5c,
    0xa7, 0x15, 0x84, 0x3b, 0x21, 0x0a, 0x68, 0x95, 0x5b, 0x02, 0x19, 0x34, 0x54, 0x4a, 0x8c, 0x23, 0x4a, 0x7e, 0xe3,
    0x5a, 0x32, 0xfa, 0xa3, 0x95, 0x43, 0xe9, 0x80, 0x6f, 0x3e, 0x4e, 0x67, 0x09, 0x2d, 0x64, 0x07, 0x35, 0x0c, 0x6f,
    0xec, 0x5a, 0xb2, 0x09, 0x74, 0x2e, 0xc3, 0xf1, 0x50, 0x11, 0x6e, 0x51, 0xa8, 0x9e, 0xdb, 0xf2, 0xb9, 0x6e, 0x7b,
    0x52, 0xe7, 0x64, 0x41, 0x4b, 0x6f, 0x96, 0xb1, 0xef, 0x67, 0xf4, 0x92, 0x25, 0xd5, 0xd9, 0x36, 0x9a, 0xc5, 0x79,
    0x42, 0x3f, 0xbc, 0x7f, 0x05, 0x69, 0x9f, 0x79, 0x26, 0xb7, 0xbc, 0xca, 0xcd, 0x03, 0x6e, 0x04, 0x2f, 0xa1, 0xd7,
    0x2c, 0xa6, 0x41, 0xb8, 0x39, 0x5f, 0x5b, 0x51, 0xbd, 0x46, 0xe5, 0x8e, 0xcc, 0xb6, 0x51, 0x30, 0x86, 0x9b, 0xf3,
    0x23, 0x5a, 0xee, 0x6c, 0xce, 0xa9, 0x97, 0xe4, 0x93, 0x88, 0x65, 0xf0, 0x9b, 0x97, 0x9b, 0x73, 0xf9, 0x43, 0x94,
    0x61, 0x69, 0x04, 0x79, 0x05, 0x8d, 0x05, 0xbe, 0x46, 0x5b, 0x17, 0x79, 0x1f, 0x73, 0x96, 0xc9, 0xa2, 0x87, 0xfa,
    0xad, 0xfa, 0x04, 0xfc, 0x7e, 0xbf, 0xb4, 0x03, 0x7c, 0xd6, 0xd8, 0x01, 0x82, 0xc2, 0xb6, 0x76, 0x81, 0xb4, 0x3a,
    0xf9, 0x23, 0x98, 0x3c, 0x46, 0x6a, 0xfc, 0xde, 0xe3, 0xa8, 0xb8, 0x8c, 0xd5, 0x19, 0xad, 0xa2, 0xce, 0x13, 0x8e,
    0x24, 0x42, 0xd5, 0xd6, 0x8e, 0x2a, 0xcf, 0xf6, 0xbb, 0xf5, 0x27, 0x8f, 0xee, 0xdf, 0x01, 0x69, 0x1a, 0x2a, 0xf2,
    0x19, 0x8f, 0x69, 0xb0, 0xea, 0xfe, 0x08, 0xa5, 0x39, 0x11, 0xe2, 0xfa, 0x3e, 0x05, 0xfb, 0xb8, 0xbc, 0x0c, 0x9a,
    0x40, 0x00, 0x41, 0xc8, 0xf5, 0xb9, 0x64, 0xc9, 0x62, 0x21, 0x3c, 0x96, 0x98, 0xc3, 0x3b, 0x66, 0x22, 0xb0, 0xa7,
    0x49, 0x64, 0x5a, 0x96, 0x4a, 0x4d, 0xae, 0xb0, 0x0c, 0x6c, 0xae, 0x0e, 0xb7, 0x40, 0x4a, 0x53, 0x77, 0x6b, 0x2b,
    0xab, 0x22, 0x75, 0x1a, 0xa3, 0x8b, 0xc5, 0x1b, 0x0a, 0xf1, 0x07, 0x4e, 0xc0, 0xbc, 0x11, 0x58, 0x95, 0xfa, 0x14,
    0x57, 0x7d, 0xf8, 0x59, 0xd9, 0xe7, 0x12, 0x45, 0x0a, 0x21, 0xc4, 0xa0, 0xec, 0x48, 0x59, 0x97, 0x1c, 0x2e, 0x98,
    0xa8, 0x5f, 0x1b, 0x5f, 0x69, 0x13, 0xa7, 0x9d, 0x25, 0xd4, 0xeb, 0x70, 0xc1, 0x72, 0x69, 0x91, 0x73, 0xe1, 0x9a,
    0x1b, 0x14, 0xe4, 0x9c, 0x0f, 0xd5, 0xd4, 0x83, 0x76, 0xd7, 0xef, 0xae, 0xb5, 0x54, 0x75, 0x62, 0x8c, 0x39, 0xc5,
    0x06, 0xd8, 0xa9, 0x7e, 0x6b, 0xa4, 0xd5, 0x05, 0x6a, 0x76, 0xf5, 0x73, 0x35, 0x49, 0xac, 0xc5, 0x03, 0x38, 0xc0,
    0x46, 0x99, 0xdb, 0x80, 0x0a, 0xf2, 0x24, 0xd6, 0x9f, 0xc4, 0x86, 0x8d, 0x54, 0x8d, 0x88, 0x8a, 0x65, 0x43, 0x65,
    0x66, 0x5d, 0x5a, 0x74, 0x0b, 0x77, 0xe0, 0xac, 0xa3, 0xaa, 0x52, 0xa3, 0x68, 0x25, 0x88, 0xd7, 0xac, 0xa6, 0x60,
    0xb9, 0xab, 0x02, 0x07, 0x4b, 0x6f, 0xd5, 0x23, 0x55, 0x54, 0xb1, 0xbe, 0x8a, 0x4c, 0x5c, 0x5a, 0x07, 0x18, 0x58,
    0x40, 0x85, 0x30, 0x53, 0x90, 0xf1, 0x11, 0x0a, 0x99, 0xf3, 0x5a, 0x8e, 0xe0, 0xf9, 0x84, 0x8a, 0x71, 0x9e, 0xf8,
    0xe1, 0xbb, 0xb7, 0xa7, 0x67, 0x21, 0x86, 0xab, 0x8a, 0x28, 0x2f, 0xfc, 0x79, 0x4b, 0xa7, 0xfe, 0xb4, 0x21, 0x24,
    0xd7, 0xf2, 0xc3, 0x68, 0x3a, 0x4d, 0x99, 0x92, 0x94, 0x3b, 0xb7, 0xed, 0x9b, 0x9b, 0x9b, 0x36, 0x9c, 0xab, 0x68,
    0xcf, 0x78, 0xaa, 0xc4, 0x48, 0x12, 0x96, 0x25, 0xf2, 0xc4, 0x98, 0x66, 0xf2, 0xf2, 0x10, 0x60, 0xd3, 0x3c, 0xa5,
    0x5e, 0x9a, 0xc3, 0xe1, 0xb9, 0x72, 0x75, 0xff, 0xfe, 0x31, 0x3c, 0x94, 0x97, 0xf4, 0x0c, 0x0e, 0x85, 0xba, 0x1e,
    0x49, 0x70, 0xf8, 0x39, 0x80, 0xd0, 0xc7, 0xe1, 0x8e, 0x18, 0xcb, 0x87, 0x53, 0xe0, 0x1e, 0xf9, 0xb4, 0x39, 0x5f,
    0xa1, 0xba, 0x00, 0xba, 0x18, 0x0f, 0xd4, 0xd4, 0x0a, 0x59, 0x2b, 0xf4, 0x3f, 0x86, 0x61, 0x79, 0xb8, 0x03, 0x7d,
    0xed, 0x98, 0x7e, 0xaf, 0xf2, 0xe4, 0xce, 0xb4, 0xaf, 0x28, 0x51, 0xdf, 0xe9, 0x02, 0x5d, 0xc0, 0xb8, 0xc9, 0x40,
    0xe2, 0x4c, 0x8b, 0xc6, 0xf3, 0xfa, 0xa1, 0xbc, 0x90, 0x69, 0x87, 0x25, 0x94, 0x00, 0xb9, 0x41, 0xe7, 0x49, 0xd5,
    0x40, 0x72, 0xb7, 0x2a, 0xba, 0x0f, 0x40, 0x55, 0xb1, 0xe6, 0x1f, 0xe5, 0xa4, 0xac, 0xc9, 0xc2, 0x40, 0x9c, 0xd8,
    0xc0, 0x87, 0x08, 0xfe, 0x95, 0x80, 0x1f, 0xee, 0x28, 0x34, 0x85, 0xf6, 0xed, 0x11, 0xea, 0x0c, 0x74, 0x85, 0xcc,
    0xf3, 0xdf, 0xe1, 0x4f, 0x14, 0xe7, 0xa1, 0xac, 0x69, 0x8c, 0x0f, 0xb0, 0x3f, 0xc1, 0xe0, 0xaa, 0x8c, 0xb1, 0x38,
    0x4f, 0xd3, 0x68, 0x5a, 0x50, 0xdf, 0xfc, 0x58, 0xb5, 0x0d, 0xaf, 0x23, 0xee, 0xb6, 0xdb, 0x71, 0xfb, 0x6a, 0xb4,
    0x6a, 0xdd, 0x69, 0x0b, 0x06, 0x8c, 0x9f, 0x52, 0x8c, 0xe7, 0x90, 0x1d, 0xd6, 0x8e, 0x52, 0x36, 0xca, 0xfc, 0x94,
    0x0e, 0x45, 0xc3, 0x6e, 0x79, 0xd2, 0xe9, 0x94, 0x62, 0x8c, 0x85, 0x31, 0x84, 0xac, 0x4e, 0x8c, 0x19, 0xe8, 0xf5,
    0xf6, 0x39, 0x9d, 0x38, 0x1e, 0xfc, 0x2d, 0x45, 0xe2, 0x67, 0x62, 0xdc, 0x96, 0xc9, 0x84, 0x6e, 0x0f, 0x58, 0xb1,
    0xf1, 0x6c, 0x8f, 0x15, 0x53, 0xb0, 0x6a, 0x4b, 0xc1, 0x1d, 0x18, 0x80, 0xdb, 0xf5, 0x32, 0x34, 0x5f, 0x99, 0x90,
    0x36, 0xda, 0xf6, 0x92, 0xb2, 0x90, 0x3b, 0xa1, 0xf9, 0xaa, 0x61, 0x6a, 0x4d, 0x8b, 0x65, 0xd3, 0x99, 0x38, 0x97,
    0xae, 0x5e, 0x0e, 0x6e, 0x90, 0x0b, 0x6c, 0x95, 0x00, 0x10, 0x17, 0x73, 0x55, 0x3b, 0x8e, 0xd2, 0xd8, 0x85, 0x26,
    0x4e, 0xdb, 0x39, 0xe0, 0x74, 0x82, 0xfa, 0x13, 0x96, 0xb5, 0xd5, 0xbb, 0x7d, 0xcb, 0xc4, 0xf3, 0x9e, 0xca, 0xf9,
    0x79, 0xb2, 0x37, 0x2c, 0x33, 0xea, 0xd6, 0x4c, 0x26, 0xbc, 0x28, 0xcb, 0xfe, 0xdf, 0xb8, 0xe7, 0x1f, 0x5c, 0x74,
    0x81, 0xbf, 0xb7, 0xae, 0xa0, 0x08, 0x0d, 0xb9, 0x9a, 0x3b, 0x98, 0x10, 0x5e, 0x5b, 0xcd, 0x26, 0xba, 0xba, 0xea,
    0xf7, 0xe4, 0x6f, 0xdc, 0xf3, 0x6f, 0xdd, 0x90, 0x16, 0xd3, 0xb6, 0x92, 0x2f, 0x6d, 0x49, 0x20, 0x21, 0x34, 0x57,
    0xbe, 0xa8, 0x77, 0xc6, 0x0b, 0x2e, 0xc5, 0x07, 0xad, 0x8f, 0x47, 0x9d, 0xd3, 0x8b, 0x2a, 0x63, 0x5f, 0x3f, 0xdb,
    0x89, 0xfe, 0xa8, 0xc1, 0xdf, 0xe1, 0x51, 0x53, 0x16, 0x6d, 0xce, 0x69, 0x59, 0x5d, 0xc8, 0x15, 0xa5, 0xa9, 0x1a,
    0x54, 0xeb, 0xfc, 0xb2, 0xb9, 0x5f, 0x84, 0x33, 0xe4, 0x8a, 0x31, 0x9e, 0x49, 0x2b, 0xdd, 0xf8, 0xe0, 0x01, 0x10,
    0x6a, 0x47, 0x43, 0x38, 0xc9, 0x40, 0x39, 0x36, 0x8e, 0xbc, 0xf7, 0x6b, 0x59, 0xa2, 0x6c, 0x7c, 0x47, 0xce, 0x86,
    0xb4, 0x78, 0x96, 0xb4, 0x9c, 0x5f, 0xc5, 0x29, 0x8b, 0x3f, 0x91, 0xcd, 0x39, 0x6c, 0x61, 0x25, 0xd7, 0x19, 0x39,
    0x0a, 0x8e, 0x6c, 0x4b, 0x26, 0x72, 0x54, 0x02, 0xfb, 0x96, 0x87, 0x3b, 0xaa, 0x97, 0x41, 0x58, 0x5e, 0xea, 0x6b,
    0x74, 0xa8, 0x2d, 0xaf, 0x00, 0x91, 0xaa, 0xdc, 0x91, 0xd4, 0x45, 0x5a, 0x8a, 0x5f, 0x1a, 0x5b, 0x42, 0xac, 0xb3,
    0x91, 0x8e, 0xe1, 0x01, 0xb5, 0x1c, 0x25, 0x23, 0x48, 0x2d, 0x2d, 0x9c, 0x5f, 0xa9, 0x92, 0xd6, 0xe6, 0x5c, 0x54,
    0x59, 0xed, 0x21, 0x8c, 0x71, 0x19, 0x6e, 0x83, 0x01, 0x2b, 0x22, 0x96, 0xaa, 0xba, 0xfd, 0x87, 0xa0, 0xce, 0x9a,
    0xb8, 0x40, 0x65, 0xd9, 0x1a, 0x1c, 0xee, 0xd4, 0x30, 0xca, 0x59, 0x48, 0xa2, 0xb7, 0xe3, 0x54, 0xf5, 0x6c, 0xd4,
    0x3b, 0xe7, 0x57, 0xb1, 0xf4, 0xf8, 0x01, 0x38, 0x5c, 0x83, 0x03, 0xc1, 0x00, 0x11, 0xf1, 0x11, 0x15, 0x81, 0xca,
    0xc0, 0x7b, 0x10, 0x8e, 0x10, 0x50, 0x17, 0x80, 0xdd, 0x46, 0xd6, 0x9a, 0x94, 0x0c, 0x81, 0x12, 0x2a, 0x5b, 0x83,
    0xcd, 0x39, 0xb7, 0xc4, 0xae, 0x8a, 0x93, 0x38, 0xb2, 0x7f, 0x18, 0x9c, 0x96, 0x2d, 0x27, 0x50, 0x30, 0xd1, 0x44,
    0x16, 0x10, 0xc2, 0x64, 0x2b, 0x10, 0xb0, 0xaa, 0xb6, 0x92, 0x8b, 0xaa, 0x12, 0x4c, 0x4f, 0xb2, 0x55, 0x3d, 0x3b,
    0x1c, 0xe1, 0xdc, 0x9e, 0x61, 0xc2, 0xae, 0x2b, 0x82, 0x80, 0x9a, 0xad, 0xc1, 0x61, 0x1a, 0x5d, 0xd1, 0x74, 0xb0,
    0x39, 0x67, 0x8b, 0x45, 0xa7, 0x3c, 0xdc, 0x51, 0x8f, 0xce, 0xa1, 0x64, 0x73, 0x75, 0xc9, 0x1e, 0x8c, 0xec, 0xc1,
    0x39, 0x23, 0xc8, 0x74, 0x33, 0x79, 0x27, 0x7e, 0x28, 0x3b, 0x08, 0xcb, 0x96, 0x23, 0x03, 0xe4, 0xb2, 0x52, 0x65,
    0x5c, 0x94, 0x2d, 0x87, 0x25, 0xab, 0x65, 0x85, 0xa0, 0x53, 0x28, 0xcd, 0x17, 0x8b, 0x6e, 0xd9, 0x72, 0x26, 0x2c,
    0x83, 0x27, 0xb6, 0x58, 0xc8, 0xd3, 0x3b, 0x13, 0x96, 0xb9, 0x1d, 0x20, 0xbd, 0x96, 0x33, 0x89, 0x6e, 0xe1, 0x4d,
    0x64, 0xde, 0x44, 0xb7, 0x6e, 0x57, 0xbf, 0xf2, 0x2a, 0xfc, 0xf0, 0xb2, 0xf5, 0x17, 0x5e, 0x2b, 0xa6, 0xd7, 0xc5,
    0xa9, 0xb0, 0x12, 0x2d, 0x16, 0xdd, 0x4e, 0x8d, 0x97, 0xc3, 0x9d, 0x84, 0x5d, 0x03, 0x9e, 0xc1, 0x18, 0x12, 0x6c,
    0x42, 0xd7, 0x13, 0x52, 0x13, 0x79, 0xe2, 0x8b, 0x70, 0x54, 0xcf, 0x8f, 0x35, 0xe7, 0x27, 0xaa, 0xf9, 0x89, 0x2f,
    0x9b, 0x5f, 0x06, 0xf3, 0xe3, 0x72, 0x7e, 0x26, 0x5d, 0xdd, 0x0d, 0xcf, 0x42, 0x1c, 0x3a, 0xa1, 0x21, 0xc4, 0xb0,
    0xbc, 0x04, 0x21, 0x2c, 0xe1, 0x7e, 0x14, 0xf5, 0x40, 0xed, 0xd6, 0xe0, 0x7e, 0x2a, 0x81, 0xb8, 0xea, 0x4d, 0xce,
    0x93, 0xd0, 0x0f, 0xa1, 0xea, 0x97, 0x91, 0xc9, 0x84, 0x65, 0x3a, 0xb7, 0xe5, 0x5e, 0xea, 0xa8, 0xdf, 0xdb, 0x34,
    0xd2, 0xdb, 0xdf, 0x57, 0x35, 0xa6, 0x11, 0xb8, 0x89, 0x33, 0x4d, 0x6b, 0x61, 0xf8, 0x57, 0xa6, 0x9b, 0x87, 0x78,
    0xdc, 0x90, 0x8c, 0x36, 0x44, 0xb5, 0x14, 0xad, 0x4f, 0xd0, 0x2a, 0x3d, 0x84, 0x6c, 0x53, 0x58, 0x15, 0x81, 0x65,
    0x3e, 0x9b, 0xd0, 0xe4, 0x52, 0x0a, 0xbe, 0xe0, 0x63, 0xa8, 0xed, 0xa9, 0xa6, 0x72, 0xb0, 0x1a, 0xe0, 0xf0, 0xcf,
    0xff, 0xf4, 0x77, 0x21, 0x56, 0x82, 0x33, 0x1f, 0x0e, 0x43, 0x54, 0x3a, 0x8f, 0x68, 0xf3, 0x3f, 0xff, 0xe1, 0x7f,
    0xff, 0xeb, 0xdf, 0x57, 0xcd, 0x32, 0xa0, 0x09, 0x1d, 0x26, 0x36, 0x17, 0xa7, 0x59, 0x60, 0x9a, 0x69, 0x0c, 0xa3,
    0xec, 0xbe, 0x39, 0x9c, 0xdb, 0x73, 0x28, 0xa6, 0x94, 0x26, 0x40, 0x69, 0x78, 0xa5, 0xf4, 0x32, 0xa5, 0xd7, 0xd4,
    0xdc, 0x9d, 0xb2, 0x66, 0xa8, 0x35, 0x2d, 0xe2, 0x7c, 0x96, 0x09, 0x1d, 0xf6, 0x56, 0x92, 0xae, 0x31, 0x15, 0x39,
    0x03, 0xdb, 0xac, 0xbd, 0x53, 0x4a, 0xa3, 0xa9, 0x16, 0xca, 0x10, 0x87, 0x16, 0x00, 0xf7, 0x42, 0x16, 0xdc, 0x53,
    0xee, 0x77, 0x70, 0xe7, 0x3e, 0xd8, 0x70, 0x17, 0xf9, 0x61, 0x78, 0x61, 0xb0, 0x24, 0xdd, 0xa4, 0x0f, 0xe3, 0xe9,
    0xb3, 0x33, 0xbf, 0xe2, 0xd0, 0x49, 0x46, 0x8b, 0xe2, 0x33, 0x13, 0x87, 0x93, 0x82, 0x61, 0x5d, 0x3b, 0xbc, 0xa7,
    0x17, 0xdc, 0xc1, 0xc0, 0x26, 0x12, 0xd0, 0x46, 0x15, 0xa9, 0xab, 0x2f, 0x21, 0x1d, 0xff, 0x31, 0x03, 0xd5, 0xb5,
    0xef, 0xeb, 0x05, 0x77, 0xf7, 0xf7, 0xf0, 0xee, 0xd3, 0xce, 0x9a, 0xa1, 0xe8, 0x70, 0x48, 0x63, 0x51, 0x04, 0x90,
    0xfb, 0x24, 0x20, 0x49, 0x84, 0x0c, 0xe0, 0xd4, 0xe4, 0x49, 0x9e, 0xd1, 0x10, 0x99, 0x04, 0x3b, 0x8d, 0x1e, 0xa5,
    0xaf, 0xef, 0x81, 0x42, 0x75, 0xb4, 0xb6, 0xf3, 0xc5, 0xc2, 0xf8, 0x3a, 0x1a, 0xe5, 0xcd, 0xf5, 0xc9, 0xa5, 0x33,
    0x63, 0x3d, 0x2b, 0x3e, 0x86, 0xe1, 0xfe, 0xfd, 0x9f, 0xff, 0xe1, 0xbf, 0x86, 0x38, 0x84, 0x7e, 0x1e, 0xc7, 0x6d,
    0xff, 0xfe, 0xcf, 0xff, 0xf0, 0x3f, 0x42, 0x1c, 0xce, 0xb2, 0xc7, 0x37, 0xf9, 0xf3, 0x7f, 0xf9, 0x6f, 0x21, 0x56,
    0x27, 0x7c, 0x51, 0x59, 0xc9, 0x91, 0x18, 0xfc, 0xb5, 0x3f, 0x09, 0xf6, 0x46, 0xbf, 0x8f, 0x81, 0xe3, 0x1f, 0x61,
    0xaa, 0x85, 0xc8, 0xa7, 0x8f, 0x85, 0x1b, 0x66, 0x1a, 0xa7, 0x79, 0x41, 0x6d, 0xc0, 0x95, 0x41, 0xf9, 0xd3, 0x20,
    0x97, 0x90, 0x4c, 0x39, 0x2d, 0x0a, 0xc7, 0xee, 0x5a, 0xd3, 0xca, 0x83, 0xb2, 0x75, 0x2d, 0x41, 0x15, 0x54, 0x48,
    0x54, 0xa8, 0xe3, 0xb6, 0x36, 0xd1, 0xa8, 0xb2, 0x15, 0x5a, 0x92, 0xfa, 0xa1, 0x12, 0x86, 0xca, 0x24, 0xfa, 0xcc,
    0xb8, 0x6b, 0xb8, 0x49, 0x0d, 0x2b, 0xfb, 0x0a, 0x57, 0xbb, 0x6f, 0x94, 0x4c, 0x58, 0x76, 0xb9, 0xa6, 0x34, 0xba,
    0x5d, 0x53, 0x0a, 0x56, 0x56, 0x05, 0x5b, 0x7d, 0xc9, 0xc3, 0x83, 0xc8, 0xae, 0xec, 0x99, 0x06, 0x80, 0x89, 0xf4,
    0xd4, 0x7d, 0x06, 0x4e, 0x6b, 0x01, 0x64, 0x0f, 0x3f, 0x76, 0x30, 0x28, 0xf9, 0x92, 0xc1, 0xaa, 0x5e, 0x7e, 0xca,
    0xec, 0xa0, 0xb4, 0x0d, 0xfe, 0xee, 0xf4, 0x8b, 0xe6, 0x49, 0x6f, 0x3f, 0x47, 0x66, 0xb5, 0x39, 0xf5, 0x53, 0x96,
    0x5c, 0x07, 0x31, 0x96, 0xd7, 0x7c, 0x4d, 0xb1, 0xb6, 0x78, 0xaa, 0x75, 0x8f, 0x53, 0x36, 0x59, 0xba, 0xdf, 0xa3,
    0x01, 0xa6, 0xba, 0xa3, 0x10, 0xeb, 0xeb, 0x36, 0x74, 0x27, 0xca, 0xfc, 0x91, 0xd2, 0x1b, 0xce, 0xa1, 0xcf, 0x38,
    0xbd, 0x4c, 0xf3, 0x9b, 0xe5, 0xf8, 0xfc, 0xfd, 0x95, 0xc7, 0x6c, 0x34, 0xae, 0x6a, 0x07, 0xae, 0x20, 0xd5, 0x12,
    0x3c, 0x38, 0x40, 0xf9, 0x6f, 0xff, 0xe2, 0x79, 0xff, 0xf6, 0x2f, 0x9f, 0xad, 0x0a, 0xdd, 0x97, 0xe0, 0x39, 0xae,
    0x57, 0xf6, 0x5e, 0xae, 0x5a, 0x3f, 0x52, 0x13, 0xe7, 0xeb, 0xeb, 0xac, 0x2c, 0x82, 0x54, 0x66, 0xcb, 0x4b, 0xb0,
    0x52, 0xa8, 0xb8, 0xce, 0xf9, 0x31, 0x80, 0xc1, 0xbc, 0x3e, 0x0b, 0x19, 0x54, 0xfa, 0x49, 0xa0, 0x85, 0xc8, 0x7f,
    0xd4, 0x8a, 0xfc, 0x78, 0x0c, 0x7f, 0x6e, 0x0e, 0x3f, 0x11, 0x7c, 0x9d, 0x02, 0xfa, 0xb1, 0x0a, 0xc2, 0xb8, 0x8d,
    0xa6, 0x70, 0xe4, 0x36, 0x58, 0x29, 0xd1, 0xd6, 0x84, 0xdf, 0x41, 0x03, 0x15, 0x37, 0xff, 0x18, 0xbe, 0x81, 0x2b,
    0x33, 0x0e, 0xaf, 0xb8, 0x71, 0x50, 0x3e, 0xa0, 0x12, 0xa0, 0x8b, 0xe6, 0xac, 0x64, 0xa7, 0x2b, 0xfa, 0x00, 0x4a,
    0x61, 0x9f, 0x01, 0x60, 0xe2, 0x8f, 0xa1, 0xde, 0x3e, 0x1e, 0x2b, 0xbf, 0x87, 0xbf, 0x4c, 0xda, 0xda, 0x1f, 0xd2,
    0x40, 0x3a, 0x76, 0xce, 0x24, 0xbe, 0x54, 0xe5, 0x7a, 0x23, 0x2e, 0x3d, 0x47, 0xb0, 0xcd, 0xa8, 0x84, 0xcf, 0x75,
    0x94, 0x5e, 0x3f, 0x46, 0xe8, 0xdd, 0xaf, 0x3f, 0x17, 0xce, 0xe2, 0xaf, 0xaa, 0xf9, 0x17, 0xed, 0xc5, 0x3a, 0xcd,
    0x7f, 0x13, 0x09, 0xca, 0x2f, 0xc7, 0x90, 0xb4, 0xc2, 0x3f, 0x23, 0x97, 0x60, 0x91, 0xb1, 0x90, 0x7f, 0x33, 0xc8,
    0x65, 0xff, 0x2b, 0x0a, 0xa9, 0x4c, 0xde, 0x51, 0x43, 0x3e, 0x86, 0x36, 0xfe, 0xff, 0xbf, 0xc8, 0xfa, 0x8f, 0x22,
    0xb2, 0x1e, 0x1e, 0xa2, 0x71, 0x64, 0xf1, 0x8b, 0x17, 0xf2, 0x3f, 0xb6, 0xa4, 0xe3, 0x52, 0xd2, 0xfd, 0x08, 0x19,
    0xc7, 0xff, 0x3a, 0x32, 0x4e, 0x6e, 0xa5, 0x8d, 0x90, 0xeb, 0x5b, 0xa7, 0x4e, 0x8c, 0xbb, 0xe2, 0x26, 0xba, 0xab,
    0x73, 0x37, 0x3f, 0x86, 0x10, 0xbc, 0x39, 0xba, 0x89, 0xee, 0xea, 0x85, 0xb8, 0x5f, 0x64, 0x2c, 0xf7, 0x13, 0x84,
    0x6f, 0x4f, 0x42, 0x3f, 0x7c, 0xfb, 0xcd, 0x37, 0xca, 0x2c, 0x0b, 0x64, 0xe7, 0x9b, 0xf3, 0x8d, 0xe5, 0x8a, 0xe0,
    0x64, 0x81, 0x69, 0x86, 0x38, 0x6a, 0x00, 0xc3, 0x8a, 0xcb, 0x3c, 0x5b, 0x86, 0xe6, 0x1d, 0x38, 0x01, 0xbe, 0x14,
    0x1c, 0xd9, 0xd3, 0x0a, 0x3c, 0xaa, 0xff, 0x25, 0x80, 0x64, 0x61, 0x0d, 0x51, 0xde, 0x80, 0x68, 0x8d, 0xd0, 0xaf,
    0x4f, 0x23, 0xd7, 0x3e, 0x36, 0xe3, 0x78, 0xcc, 0x83, 0x8f, 0xe1, 0x97, 0xe8, 0x0f, 0x15, 0x2a, 0xdb, 0x9c, 0xe7,
    0x5b, 0x5b, 0x59, 0x10, 0x62, 0x13, 0xa2, 0x5b, 0xd5, 0x24, 0x1c, 0xfe, 0x30, 0xf8, 0x13, 0xd5, 0xa2, 0x99, 0x65,
    0x43, 0x1e, 0x71, 0x9a, 0xdc, 0x2f, 0x96, 0x9b, 0xda, 0xc6, 0xd3, 0x19, 0x91, 0xc5, 0xa5, 0xcc, 0xf9, 0x99, 0x30,
    0x30, 0x3e, 0x37, 0x08, 0x44, 0xbd, 0x4d, 0xb6, 0x9a, 0xba, 0x66, 0xc7, 0x5c, 0x85, 0x6d, 0x23, 0x97, 0xd4, 0xa1,
    0xff, 0x2a, 0xa7, 0x03, 0x87, 0xc8, 0x78, 0xc2, 0x65, 0x26, 0xc0, 0x2b, 0x99, 0x79, 0x21, 0x38, 0x9b, 0xb8, 0x08,
    0x77, 0x3b, 0x08, 0x59, 0xae, 0x82, 0x0d, 0x56, 0x9c, 0x44, 0x27, 0xf2, 0x98, 0x9f, 0xba, 0xb6, 0x58, 0x9e, 0xa9,
    0x7a, 0x36, 0x1b, 0x0e, 0xe1, 0x74, 0x85, 0x66, 0x86, 0x5f, 0xee, 0x99, 0xef, 0xab, 0x3c, 0x8f, 0x44, 0xf4, 0x2d,
    0xa3, 0x37, 0x90, 0x47, 0x29, 0xaa, 0x3b, 0xba, 0x74, 0xc8, 0x5d, 0x7e, 0x42, 0xe2, 0x55, 0x26, 0x76, 0x7b, 0xae,
    0xf8, 0xe5, 0x9e, 0x4c, 0x00, 0x45, 0x86, 0xb8, 0xa1, 0xf1, 0x07, 0x96, 0x89, 0x03, 0x7d, 0x66, 0x0b, 0x0e, 0x4d,
    0x55, 0xb6, 0x87, 0xc3, 0xec, 0xeb, 0xbe, 0xa2, 0x6d, 0xa2, 0xf2, 0x88, 0xe5, 0xbd, 0x94, 0xc7, 0xe3, 0x88, 0x1f,
    0x9b, 0x23, 0x9e, 0x57, 0x22, 0x8f, 0xdc, 0xa8, 0xfa, 0x54, 0x89, 0xbb, 0xf3, 0xdd, 0xf6, 0xce, 0x08, 0xcb, 0x2c,
    0x90, 0xba, 0x68, 0x07, 0x8a, 0x2e, 0xed, 0x22, 0xb2, 0xbd, 0xb9, 0x83, 0x81, 0xd7, 0xfa, 0x6b, 0xfd, 0xaf, 0x66,
    0xc1, 0xda, 0x90, 0xde, 0x5b, 0x79, 0xf1, 0x8f, 0x23, 0xce, 0x19, 0xe5, 0x8e, 0xfb, 0xf2, 0x07, 0xe4, 0xff, 0xdb,
    0xbf, 0xac, 0xf7, 0xe6, 0xab, 0xdd, 0x6a, 0xcb, 0x81, 0x4c, 0x8b, 0xf6, 0x90, 0xd1, 0x34, 0x21, 0xad, 0x58, 0x35,
    0x6c, 0x99, 0xe0, 0xc3, 0xee, 0x41, 0xa7, 0xd3, 0xd1, 0x0e, 0xfa, 0xae, 0xfa, 0x09, 0x1e, 0x79, 0xf8, 0x09, 0x0f,
    0x32, 0xd8, 0x4a, 0x5a, 0x2a, 0xba, 0x77, 0xd0, 0x99, 0xde, 0xb6, 0x06, 0x40, 0xf2, 0x1a, 0x8a, 0xf7, 0x74, 0x4a,
    0x23, 0xf1, 0x45, 0xe3, 0x73, 0xd9, 0xa4, 0x1a, 0xbe, 0x6b, 0x86, 0xae, 0xc7, 0x5d, 0x1a, 0x74, 0x7f, 0x79, 0xd0,
    0x33, 0x36, 0x91, 0xb7, 0x8f, 0xdc, 0x37, 0xaa, 0x74, 0x58, 0x37, 0xc6, 0x14, 0xaa, 0x45, 0xcb, 0x91, 0x18, 0x1f,
    0xe7, 0x69, 0x42, 0x39, 0x69, 0x51, 0x6f, 0xe4, 0x39, 0x5f, 0x77, 0x3a, 0x1d, 0xdc, 0xde, 0xdb, 0xef, 0x74, 0xf0,
    0xfe, 0x93, 0x0e, 0x6e, 0xc3, 0x1f, 0xcf, 0xf3, 0x96, 0x60, 0x78, 0x28, 0xe4, 0xd9, 0xed, 0x70, 0x3a, 0xd1, 0x00,
    0x3e, 0x14, 0x88, 0xcb, 0xea, 0x23, 0x28, 0x86, 0xad, 0x95, 0xfa, 0xd2, 0xe7, 0x99, 0x75, 0x2e, 0xbb, 0xbc, 0x84,
    0x91, 0xd7, 0x31, 0x46, 0xaa, 0x32, 0x93, 0x5f, 0x69, 0x2a, 0xf0, 0x9d, 0x63, 0xb8, 0xb2, 0x4e, 0x86, 0x17, 0x21,
    0x31, 0x06, 0x3e, 0xfa, 0x23, 0x22, 0x96, 0x41, 0xa6, 0xb4, 0x09, 0x32, 0x1a, 0x17, 0x77, 0x33, 0x09, 0x36, 0x54,
    0xe1, 0xdc, 0x75, 0xb4, 0x70, 0x11, 0x02, 0xc1, 0x3f, 0xa2, 0x81, 0x5e, 0x3c, 0xa8, 0x9f, 0x3f, 0xa6, 0xbe, 0x41,
    0xfc, 0x45, 0x28, 0x13, 0x75, 0x36, 0xd8, 0x62, 0xb1, 0x11, 0x2d, 0x16, 0x1b, 0xf9, 0xe3, 0xe7, 0xa7, 0x56, 0x56,
    0x1f, 0x48, 0x2a, 0xe0, 0xae, 0x38, 0x05, 0xf4, 0x2b, 0x28, 0xf7, 0x19, 0x56, 0x20, 0xa9, 0xa7, 0x08, 0xeb, 0x01,
    0xd5, 0x63, 0x5e, 0x36, 0x50, 0x52, 0x10, 0xa6, 0xf6, 0xde, 0x8b, 0x45, 0x28, 0xa9, 0x3e, 0xc4, 0x31, 0x89, 0xaa,
    0xa2, 0x6e, 0x88, 0xe1, 0x12, 0x28, 0xf3, 0x18, 0x4a, 0x80, 0x53, 0x2d, 0x98, 0x6a, 0x78, 0x6f, 0x22, 0x9e, 0xd9,
    0xe0, 0x9e, 0xe4, 0x8e, 0x1e, 0xd4, 0x99, 0xf2, 0xfc, 0x9a, 0x41, 0x32, 0x48, 0x63, 0xd8, 0x19, 0x11, 0x6e, 0x8a,
    0xfa, 0x8d, 0x98, 0x71, 0xdd, 0xfc, 0xcc, 0x08, 0x55, 0xb8, 0xa8, 0xac, 0x9a, 0x9c, 0x5f, 0xe8, 0x79, 0xf9, 0xb1,
    0x99, 0xd2, 0xfb, 0xe8, 0xc6, 0x4f, 0xcd, 0xc3, 0x0b, 0x95, 0x75, 0xe2, 0xcf, 0x4a, 0x73, 0x7f, 0x94, 0xcc, 0x68,
    0x09, 0x8d, 0x88, 0x0e, 0x11, 0x1e, 0x2a, 0xa1, 0xf6, 0xfe, 0xf5, 0x29, 0x8d, 0x78, 0x3c, 0x7e, 0x17, 0xf1, 0x68,
    0x52, 0xf4, 0x87, 0xe6, 0xa2, 0x99, 0x50, 0x8f, 0x74, 0x39, 0x94, 0x59, 0x3f, 0x59, 0x7c, 0x17, 0xe2, 0x02, 0xe1,
    0xfa, 0xbd, 0x1a, 0x5f, 0xf9, 0xba, 0x43, 0x1c, 0xdb, 0xaf, 0xe4, 0xf7, 0x44, 0xf0, 0x0c, 0x61, 0x95, 0x4c, 0x93,
    0xfc, 0x25, 0xd3, 0x68, 0x30, 0xe4, 0x7d, 0xf8, 0x43, 0xaf, 0xfe, 0x78, 0xd3, 0x7d, 0x89, 0x35, 0x6b, 0x90, 0xe8,
    0x70, 0x5a, 0x4c, 0xf3, 0xac, 0x80, 0x9c, 0x33, 0x68, 0xa7, 0x6f, 0x64, 0xb5, 0x1a, 0xae, 0x50, 0x5b, 0xd5, 0x54,
    0xbe, 0x51, 0xed, 0xca, 0x72, 0x70, 0xf6, 0xfb, 0x2a, 0x1e, 0x6e, 0xa2, 0x3a, 0x25, 0xfe, 0xf5, 0x83, 0xf9, 0x78,
    0x4b, 0xd7, 0xcd, 0xf3, 0xfc, 0xa6, 0x20, 0x5d, 0x1d, 0x3e, 0x48, 0xf3, 0x11, 0x24, 0xe4, 0xfd, 0xa5, 0xf3, 0xeb,
    0xd2, 0x7c, 0x64, 0x67, 0xd7, 0xa9, 0x94, 0x3a, 0x9c, 0x91, 0x79, 0xeb, 0xbb, 0xdb, 0xee, 0xb3, 0xf3, 0x6e, 0x7f,
    0xb7, 0x3b, 0x69, 0xf9, 0x21, 0x0d, 0xb1, 0x2a, 0xe8, 0xf4, 0x77, 0x77, 0xa1, 0xe0, 0xc6, 0x2a, 0xe8, 0x41, 0x01,
    0xb3, 0x0a, 0xf6, 0xa1, 0x20, 0xb6, 0x0a, 0x9e, 0x40, 0x41, 0x62, 0x15, 0x3c, 0x85, 0x82, 0xeb, 0xb0, 0x3c, 0x17,
    0x55, 0x52, 0xe8, 0x53, 0x24, 0xbf, 0x38, 0xb0, 0x91, 0x35, 0xb3, 0x16, 0x4c, 0x85, 0xa7, 0xb8, 0xba, 0xd1, 0x6b,
    0xcf, 0xdc, 0x40, 0x15, 0xfe, 0x4c, 0x7e, 0xf0, 0x89, 0xc3, 0xb9, 0x62, 0xb8, 0xe6, 0x59, 0xd5, 0xdc, 0xad, 0x5e,
    0xfb, 0x55, 0xf2, 0x64, 0x07, 0xf7, 0x4c, 0xfa, 0xa4, 0x2f, 0x25, 0x8f, 0xa9, 0xbc, 0xbf, 0x1d, 0xe9, 0x6e, 0xe1,
    0xc0, 0x31, 0xab, 0xaa, 0xef, 0x22, 0x1c, 0x1b, 0x83, 0x80, 0xca, 0x3b, 0x22, 0xcf, 0xd8, 0x84, 0x1a, 0x82, 0x32,
    0x03, 0x38, 0x32, 0xb9, 0xb4, 0xcf, 0x97, 0x0d, 0x05, 0x2d, 0xa5, 0xd5, 0x25, 0x48, 0x19, 0x56, 0x91, 0xa0, 0x02,
    0x8b, 0x68, 0xe4, 0x47, 0x58, 0x65, 0x28, 0xc8, 0xdb, 0xd0, 0x3a, 0x41, 0xee, 0x53, 0x7c, 0x33, 0xa6, 0x99, 0x1f,
    0x97, 0xfd, 0x6a, 0x9d, 0x4d, 0xf6, 0x5f, 0x89, 0xac, 0xb5, 0xaf, 0xdf, 0x2a, 0x18, 0xdb, 0x15, 0x8d, 0xdc, 0x93,
    0x1e, 0x66, 0x19, 0x00, 0xc3, 0x34, 0xbf, 0x69, 0x83, 0x0a, 0x5c, 0x9b, 0x32, 0x06, 0x33, 0xab, 0x52, 0xc6, 0x5e,
    0x03, 0xac, 0xd5, 0xd3, 0x59, 0x34, 0xaa, 0x7e, 0xbf, 0xa1, 0x45, 0x11, 0x8d, 0x74, 0xcd, 0xfb, 0x53, 0xc4, 0x24,
    0x88, 0x76, 0x7a, 0x98, 0x01, 0x02, 0x02, 0xb7, 0x80, 0x10, 0x08, 0x73, 0xea, 0xb4, 0x2e, 0x98, 0x79, 0x33, 0x23,
    0x4c, 0xa2, 0xaa, 0x59, 0x24, 0xa2, 0x51, 0x5d, 0x70, 0x38, 0xe5, 0x54, 0xe7, 0x9a, 0x01, 0x16, 0xcb, 0xc3, 0x1d,
    0x28, 0x50, 0xaf, 0xef, 0xc9, 0xfc, 0x32, 0xdc, 0x77, 0x7f, 0xfe, 0x97, 0x63, 0x52, 0xbf, 0x74, 0xd2, 0xd3, 0x70,
    0x38, 0x5c, 0xcd, 0xed, 0xfa, 0xaa, 0x1b, 0xc3, 0x7f, 0x6b, 0xb2, 0xf6, 0x93, 0x21, 0xed, 0xd1, 0x7d, 0x2b, 0x11,
    0xaa, 0x71, 0x9c, 0xa1, 0x3a, 0xcb, 0xd0, 0x87, 0xf4, 0xf8, 0xb6, 0xce, 0x6c, 0xea, 0x96, 0x12, 0x77, 0x2b, 0x09,
    0x5e, 0x55, 0x6f, 0x8d, 0xca, 0x32, 0xc9, 0x6b, 0x25, 0x67, 0x4c, 0xe7, 0x88, 0xad, 0x4d, 0x09, 0x9b, 0x72, 0x3a,
    0x9f, 0x44, 0x7c, 0xc4, 0x32, 0xbf, 0x53, 0x7a, 0xd7, 0x66, 0x66, 0x07, 0x07, 0x07, 0xa5, 0x97, 0x98, 0xa7, 0x4e,
    0x92, 0x94, 0x5e, 0x5c, 0xcd, 0xba, 0x33, 0x2c, 0x3d, 0x66, 0x9e, 0x76, 0x7b, 0x71, 0xb2, 0xdb, 0x2b, 0xbd, 0x9b,
    0x1a, 0x29, 0x9d, 0xd2, 0x33, 0x28, 0xe2, 0x34, 0x69, 0x64, 0xac, 0x3d, 0xed, 0x74, 0x4a, 0x4f, 0x51, 0xd9, 0x1c,
    0x62, 0x4d, 0xea, 0xa7, 0x1f, 0xcd, 0x44, 0x5e, 0x86, 0x2a, 0x3b, 0xeb, 0xa5, 0xbe, 0x13, 0x4c, 0x7d, 0x1c, 0xab,
    0x44, 0x17, 0xf8, 0xd7, 0x76, 0x0e, 0x16, 0x10, 0xf2, 0x6a, 0x9a, 0x56, 0xa3, 0x0a, 0x50, 0x56, 0x5d, 0xe5, 0xd7,
    0x56, 0x7a, 0x16, 0x48, 0x31, 0xa8, 0xad, 0xb2, 0xb2, 0xfe, 0x40, 0xc2, 0x78, 0x4c, 0xe3, 0x4f, 0x57, 0xf9, 0x6d,
    0x1b, 0xe8, 0x89, 0x87, 0xf8, 0xf7, 0x3f, 0x26, 0x0f, 0xda, 0x74, 0x62, 0x7d, 0xb6, 0x43, 0x1a, 0x8b, 0x6f, 0x33,
    0x12, 0xbe, 0x35, 0xa1, 0x1f, 0x55, 0x32, 0x1c, 0x92, 0xf0, 0xed, 0x70, 0x18, 0x9a, 0xeb, 0x18, 0x22, 0x41, 0x65,
    0xad, 0x93, 0x46, 0x89, 0xac, 0x05, 0xbb, 0xc2, 0xba, 0xcc, 0x2e, 0x50, 0x49, 0x51, 0xa1, 0x9d, 0x00, 0xa5, 0xdf,
    0x24, 0xac, 0x00, 0xfa, 0x84, 0xaf, 0x89, 0xac, 0x5c, 0xff, 0xdb, 0x04, 0x55, 0xf5, 0x5c, 0x7f, 0x6c, 0x02, 0x0e,
    0x2e, 0x68, 0xb3, 0xf0, 0xd9, 0xdd, 0xab, 0xc4, 0xfd, 0x03, 0x2a, 0x59, 0xf1, 0x36, 0x5b, 0x3a, 0x53, 0xad, 0x40,
    0x21, 0xc4, 0x86, 0xbe, 0x54, 0x87, 0xfc, 0x97, 0xce, 0xdb, 0xaa, 0xc6, 0x41, 0x63, 0x52, 0xbe, 0xdd, 0x4c, 0xef,
    0xb2, 0x8e, 0xd5, 0xe1, 0xca, 0x6b, 0xfd, 0x6d, 0x3e, 0x19, 0x1a, 0x9a, 0x6b, 0xc9, 0x37, 0x57, 0x67, 0xc4, 0x04,
    0x66, 0x89, 0x6a, 0xca, 0x92, 0xb2, 0xd4, 0x27, 0x78, 0x13, 0x56, 0x4c, 0x41, 0xe5, 0xaa, 0x96, 0xd9, 0xe7, 0x04,
    0x5b, 0x71, 0x63, 0x25, 0x25, 0x35, 0xd6, 0xa3, 0x34, 0x16, 0xbd, 0xca, 0x19, 0xf9, 0x43, 0xd9, 0xd2, 0xb6, 0xbd,
    0x41, 0x55, 0xcb, 0x51, 0x58, 0x53, 0xd9, 0x52, 0xd6, 0xe4, 0x20, 0xfd, 0xa3, 0x42, 0xb8, 0x79, 0x65, 0x0a, 0xca,
    0xca, 0x1c, 0x37, 0x6f, 0x14, 0x9a, 0x64, 0x1e, 0x50, 0x31, 0x8d, 0x32, 0x63, 0xf5, 0x2b, 0x3e, 0xd1, 0x75, 0xe4,
    0x43, 0xd9, 0x32, 0x50, 0x4b, 0xa2, 0x84, 0x64, 0x0f, 0x68, 0x30, 0x70, 0x1a, 0x90, 0x67, 0x2b, 0xe9, 0x43, 0x0f,
    0xe6, 0xad, 0xe6, 0xa1, 0x57, 0xdc, 0x60, 0xaf, 0xb8, 0x71, 0x7e, 0x39, 0x6f, 0xdf, 0xd0, 0xab, 0x4f, 0x4c, 0xb4,
    0x45, 0x34, 0x6d, 0x83, 0x37, 0x4d, 0x26, 0x14, 0x68, 0xe9, 0x25, 0xcd, 0x3a, 0xb5, 0x4b, 0xe8, 0xcf, 0x0a, 0x48,
    0x6f, 0x95, 0x36, 0xb7, 0x9f, 0xe5, 0x19, 0xed, 0x37, 0x8f, 0x3c, 0xd9, 0x69, 0x9c, 0x06, 0x59, 0x17, 0xf3, 0x1c,
    0xd2, 0x61, 0xc5, 0x9d, 0xdf, 0xd1, 0x72, 0xae, 0x63, 0x72, 0x34, 0x3b, 0x6b, 0xeb, 0xfb, 0x1a, 0xb7, 0xdb, 0x52,
    0xa2, 0xf3, 0xd5, 0xcc, 0x52, 0x9b, 0xca, 0x1f, 0x71, 0x7a, 0x6a, 0x28, 0xff, 0x67, 0x9d, 0x9e, 0x7a, 0xcc, 0xa8,
    0xfe, 0x95, 0x3c, 0x4a, 0x8e, 0x1f, 0x53, 0x35, 0x1a, 0x0a, 0xca, 0xe7, 0x20, 0x56, 0xfd, 0xee, 0xc1, 0xf4, 0xf6,
    0x51, 0xdd, 0xab, 0x36, 0x0f, 0x4e, 0xad, 0xd4, 0xf3, 0x37, 0x57, 0xd9, 0xb5, 0x5a, 0x3f, 0xee, 0xa8, 0xd8, 0x7d,
    0xa7, 0xd0, 0xe0, 0x18, 0x32, 0x8b, 0xa3, 0x54, 0xab, 0x85, 0x09, 0x4b, 0x92, 0x94, 0x2e, 0x1d, 0x1f, 0xeb, 0xee,
    0x57, 0x69, 0xba, 0xbb, 0x4f, 0xa6, 0xb7, 0x66, 0xe1, 0xba, 0x90, 0xbd, 0x6b, 0x74, 0x84, 0xd3, 0x85, 0x37, 0xd6,
    0x61, 0xb9, 0x7a, 0x44, 0xc7, 0xdb, 0x2d, 0xfa, 0xc0, 0x97, 0x69, 0x74, 0xe7, 0xb3, 0x4c, 0x2a, 0xa6, 0x2b, 0xc8,
    0x48, 0xe8, 0x4f, 0x73, 0x5d, 0x99, 0xd3, 0x54, 0x7e, 0x06, 0xb7, 0x6c, 0xe2, 0xbd, 0x81, 0x26, 0x1b, 0x03, 0x0d,
    0xf0, 0xf6, 0x3b, 0x3f, 0x37, 0xa7, 0xbb, 0x3a, 0x35, 0x74, 0xf2, 0xb7, 0x05, 0x0f, 0xac, 0x0c, 0x40, 0x82, 0x9b,
    0x80, 0x61, 0x10, 0xf2, 0x4a, 0xde, 0x39, 0x5e, 0xb7, 0xc0, 0xb2, 0x05, 0x6c, 0x09, 0xe0, 0xe9, 0x33, 0x50, 0x47,
    0x57, 0x45, 0x9e, 0xc2, 0x57, 0xa4, 0x44, 0x3e, 0xf5, 0xdb, 0xbb, 0xd3, 0xdb, 0xbe, 0x5c, 0xfe, 0x4e, 0x73, 0x16,
    0x7f, 0x21, 0xd2, 0xa5, 0x4f, 0x6a, 0xd2, 0x7d, 0x98, 0x7c, 0xbe, 0x1a, 0x76, 0xe1, 0xbf, 0x7e, 0x3d, 0x33, 0xbf,
    0xe3, 0xec, 0x4e, 0x6f, 0x1d, 0x30, 0x12, 0xda, 0xbd, 0xe9, 0xad, 0xf3, 0x55, 0xa7, 0xd3, 0xd9, 0xc5, 0x1d, 0x07,
    0x7e, 0x9b, 0xe7, 0x4e, 0xa7, 0xd3, 0xdb, 0xc3, 0x1d, 0x59, 0x69, 0xbf, 0x2e, 0xeb, 0x0e, 0x1f, 0xa4, 0x64, 0x3f,
    0xcb, 0x85, 0xeb, 0x1b, 0xe1, 0x86, 0xfe, 0xd6, 0x40, 0x26, 0x4f, 0x13, 0x3e, 0x86, 0x7d, 0x96, 0x3a, 0xf0, 0x44,
    0x74, 0x75, 0x45, 0x13, 0x7f, 0x98, 0xc7, 0xb3, 0xe2, 0x6f, 0xff, 0xca, 0x78, 0xec, 0x57, 0x8b, 0xed, 0x17, 0x71,
    0x94, 0x52, 0xb7, 0xe7, 0xed, 0xdd, 0x23, 0x17, 0x7e, 0xf4, 0x34, 0x7f, 0xc2, 0xf4, 0xcc, 0x0a, 0xec, 0x3d, 0x1e,
    0xce, 0x73, 0x33, 0xd2, 0x85, 0x91, 0x9b, 0x5a, 0x34, 0x27, 0xea, 0x33, 0x2a, 0x6b, 0xac, 0xd2, 0x07, 0x97, 0x79,
    0xa5, 0x3f, 0x45, 0x73, 0x6b, 0xa7, 0x5a, 0xd7, 0x7d, 0xa4, 0x98, 0xfb, 0xea, 0xeb, 0x3d, 0xf8, 0xaf, 0x4a, 0xbf,
    0x37, 0x06, 0x9e, 0xda, 0x24, 0x81, 0x81, 0xf7, 0xfb, 0x86, 0xf5, 0xa6, 0xd4, 0x5b, 0xc3, 0xc6, 0x7b, 0x54, 0x13,
    0x30, 0xab, 0x1e, 0xdf, 0x46, 0x9b, 0x21, 0x5f, 0xde, 0xe4, 0x47, 0x0c, 0xf3, 0x25, 0x0d, 0x62, 0x65, 0xce, 0xad,
    0x69, 0xa0, 0x3f, 0x31, 0xbb, 0xd2, 0xc2, 0xac, 0x47, 0xdd, 0xe8, 0xf7, 0x96, 0xc9, 0xab, 0x32, 0x01, 0xc1, 0xea,
    0xfd, 0xbd, 0xb2, 0x7a, 0xbf, 0xa1, 0x64, 0x7e, 0x74, 0x76, 0xf6, 0xfe, 0xd5, 0xb3, 0x0f, 0x67, 0x2f, 0xfc, 0x2e,
    0x3e, 0x7e, 0xf9, 0xea, 0xf5, 0x73, 0xbf, 0x87, 0xdf, 0xbd, 0x7f, 0xfb, 0xee, 0xc5, 0xfb, 0xb3, 0x3f, 0xf8, 0xbb,
    0xf8, 0xd9, 0xdb, 0xb7, 0xaf, 0x5f, 0x1c, 0x9d, 0x5c, 0xd6, 0xd5, 0xf6, 0xf0, 0x8b, 0x6f, 0x5f, 0x9c, 0x9c, 0xf9,
    0xfb, 0xf8, 0xc5, 0xeb, 0x17, 0x6f, 0xe0, 0xd7, 0x93, 0x12, 0xbf, 0x92, 0x5f, 0x1d, 0x70, 0xf5, 0x77, 0xaa, 0xf5,
    0xcd, 0xfa, 0xf5, 0xa5, 0xb7, 0x3e, 0x35, 0x97, 0xea, 0x8b, 0x12, 0xe1, 0xd7, 0x6b, 0x2f, 0x02, 0x42, 0xf3, 0x47,
    0x5d, 0xdf, 0x73, 0xb6, 0xf4, 0xd9, 0xae, 0x63, 0xd1, 0xbc, 0x5c, 0xb6, 0xba, 0x64, 0x93, 0x91, 0xac, 0x34, 0xb7,
    0xda, 0x36, 0xfb, 0x33, 0xd7, 0xb5, 0xc0, 0xb5, 0x1d, 0xd6, 0xef, 0x46, 0x1d, 0x6d, 0x43, 0xca, 0x09, 0x95, 0x25,
    0xfe, 0xe3, 0xd2, 0x66, 0xe0, 0x35, 0x5d, 0x06, 0x9e, 0x0d, 0x5d, 0x7d, 0x21, 0x95, 0xde, 0x0a, 0x30, 0x41, 0x4e,
    0xf4, 0x57, 0xa3, 0x36, 0x08, 0xf9, 0x86, 0x7a, 0x12, 0xbb, 0x8d, 0x5b, 0xfb, 0xb5, 0xa1, 0x57, 0xdf, 0xb8, 0x90,
    0x18, 0x8c, 0xc1, 0x91, 0xac, 0xed, 0xd0, 0x45, 0x4e, 0x1c, 0x65, 0x4e, 0x9e, 0xa5, 0x77, 0xce, 0x15, 0x75, 0x66,
    0x05, 0x05, 0xcf, 0xa4, 0x23, 0x0f, 0xdf, 0x38, 0x57, 0x4c, 0x7e, 0xaa, 0xa4, 0x08, 0x2b, 0x83, 0x57, 0x41, 0xd1,
    0xbc, 0x75, 0x73, 0x29, 0x69, 0xa8, 0xf9, 0x29, 0x42, 0x41, 0x68, 0x5f, 0xb7, 0x78, 0x53, 0x7f, 0xed, 0xdb, 0xfa,
    0x18, 0xf8, 0x46, 0xf5, 0xe9, 0xc3, 0x2f, 0x87, 0x3b, 0x4d, 0x69, 0xe2, 0xdc, 0x30, 0x31, 0x76, 0x22, 0x27, 0xcb,
    0xb3, 0xb6, 0xea, 0x48, 0x79, 0xe0, 0x95, 0x63, 0xb6, 0xda, 0x3e, 0x30, 0xb1, 0x04, 0x66, 0xbf, 0x86, 0x4f, 0x7f,
    0x5a, 0x92, 0x5e, 0xd4, 0x77, 0x54, 0xf0, 0xe8, 0xa6, 0x5a, 0x67, 0x41, 0xec, 0xaf, 0x38, 0xac, 0x00, 0xc6, 0xe5,
    0x17, 0xcf, 0xe1, 0xe5, 0xea, 0xf7, 0x1d, 0xce, 0x2f, 0xca, 0xb2, 0xec, 0xff, 0xb1, 0x09, 0x3c, 0xd1, 0xdf, 0xae,
    0x87, 0xcb, 0xa1, 0x43, 0xfc, 0x47, 0xab, 0x03, 0xd2, 0x95, 0x3c, 0xf3, 0x9e, 0x92, 0x57, 0xd4, 0xfd, 0x23, 0xc2,
    0x3f, 0xc0, 0x27, 0x3e, 0x82, 0xdb, 0x49, 0xea, 0x5c, 0xab, 0xfb, 0x67, 0x48, 0xab, 0xeb, 0x75, 0x5a, 0x8e, 0x74,
    0x2a, 0xc2, 0x37, 0x64, 0x5a, 0x1f, 0xce, 0xbe, 0x69, 0x1f, 0xb4, 0x02, 0xb0, 0xf2, 0xaf, 0x47, 0x72, 0x53, 0xf1,
    0x3a, 0xba, 0xa3, 0xfc, 0xb2, 0xa7, 0xe3, 0x04, 0x2a, 0x61, 0x5d, 0x96, 0x39, 0xbd, 0x96, 0x73, 0x3b, 0x49, 0xb3,
    0x82, 0xb4, 0xc6, 0x42, 0x4c, 0xfd, 0x9d, 0x9d, 0x9b, 0x9b, 0x1b, 0xef, 0x66, 0xd7, 0xcb, 0xf9, 0x68, 0xa7, 0xd7,
    0xe9, 0x74, 0xe0, 0x3e, 0xfc, 0x96, 0x73, 0xcd, 0xe8, 0xcd, 0xb3, 0xfc, 0x96, 0xb4, 0x3a, 0x4e, 0xc7, 0xe9, 0xf6,
    0x0e, 0x9c, 0x6e, 0x6f, 0xcf, 0x7b, 0x72, 0xd0, 0x1a, 0xfc, 0xcc, 0x71, 0x0e, 0x13, 0x3a, 0x2c, 0xe0, 0x87, 0xe3,
    0x1c, 0x4a, 0xa3, 0x5f, 0xfd, 0x76, 0x1c, 0x2f, 0x4e, 0x8b, 0x76, 0xd7, 0x99, 0xeb, 0x47, 0xc7, 0x81, 0xdb, 0x75,
    0x7c, 0xe7, 0xab, 0x61, 0x6f, 0xb8, 0x37, 0xfc, 0xba, 0xaf, 0x8b, 0xcb, 0x9f, 0x35, 0xaa, 0x63, 0xf5, 0x6f, 0xcf,
    0x6a, 0x56, 0x08, 0x9e, 0x7f, 0xa2, 0x3a, 0xfe, 0xe0, 0x80, 0xad, 0xb5, 0xb6, 0x69, 0x6f, 0x75, 0xa4, 0xee, 0xc1,
    0x55, 0x3c, 0xec, 0xd5, 0xd5, 0x25, 0x8c, 0x3b, 0x15, 0x90, 0x87, 0x3b, 0x06, 0xf4, 0x43, 0x1b, 0x4d, 0xdd, 0xf6,
    0x3a, 0x44, 0x75, 0x5b, 0x7a, 0x8e, 0x23, 0x33, 0xbf, 0x43, 0x38, 0x45, 0x6e, 0xf6, 0x49, 0x12, 0x82, 0x96, 0x93,
    0x90, 0xd6, 0x9b, 0x6e, 0xef, 0x00, 0x77, 0xbb, 0x4f, 0xbc, 0x27, 0x07, 0x71, 0x07, 0xef, 0x79, 0x7b, 0xed, 0x5d,
    0xef, 0x09, 0x3e, 0x68, 0x1f, 0xe0, 0x83, 0x97, 0x07, 0x71, 0x7b, 0xcf, 0xdb, 0xc3, 0x9d, 0xf6, 0x01, 0x14, 0xb6,
    0x0f, 0xda, 0x07, 0xd7, 0xed, 0xbd, 0x83, 0xb8, 0x23, 0x4b, 0x7b, 0xde, 0xfe, 0x7e, 0xbb, 0xdb, 0xf1, 0xf6, 0xf7,
    0xf1, 0xbe, 0xf7, 0xe4, 0x49, 0xbb, 0xbb, 0xeb, 0x3d, 0x79, 0xf2, 0x7a, 0xff, 0xc0, 0xdb, 0x85, 0x77, 0xbb, 0xbb,
    0xf1, 0xae, 0xd7, 0xed, 0xb6, 0xe1, 0x0f, 0x3e, 0xf0, 0x7a, 0xea, 0x47, 0xb7, 0xeb, 0xed, 0x76, 0x71, 0x27, 0xdd,
    0xef, 0x79, 0x4f, 0xbe, 0xc6, 0xf2, 0xaf, 0xac, 0x86, 0xe5, 0x1f, 0xe8, 0x06, 0x7f, 0xed, 0xf5, 0x9e, 0xa8, 0x5f,
    0xb2, 0xc3, 0xeb, 0xbd, 0x83, 0x3f, 0xb6, 0x76, 0xee, 0x9d, 0x43, 0x57, 0xcd, 0xe1, 0x60, 0xdf, 0xdb, 0xdd, 0xc5,
    0x7b, 0x5d, 0xef, 0x60, 0x77, 0xdc, 0xde, 0xeb, 0x79, 0x4f, 0x9e, 0xc6, 0xed, 0xae, 0xf7, 0xf4, 0x29, 0xee, 0xb4,
    0x77, 0xbd, 0x1e, 0xee, 0x7a, 0x7b, 0xbb, 0xf2, 0xc7, 0xae, 0xd7, 0xbb, 0x7e, 0xfa, 0xb5, 0xf7, 0x64, 0x7f, 0xfc,
    0xc4, 0xdb, 0xfb, 0x76, 0xef, 0xc0, 0xeb, 0xed, 0x8e, 0x77, 0x9f, 0x78, 0xbd, 0xa7, 0xd7, 0x4f, 0xbc, 0xbd, 0x71,
    0xbb, 0xf7, 0xe4, 0xc1, 0x96, 0xdd, 0x9e, 0x07, 0x38, 0x92, 0xaf, 0xe1, 0x05, 0xd6, 0x2f, 0xe0, 0xff, 0x63, 0xd9,
    0xf6, 0xff, 0x62, 0x37, 0xc5, 0x6a, 0xd3, 0xaf, 0xbd, 0x83, 0xa7, 0xb1, 0xaa, 0x0e, 0x05, 0x6d, 0x53, 0x03, 0x9a,
    0x5c, 0xb7, 0xd5, 0xb0, 0xb2, 0xbb, 0xb6, 0xe9, 0xc8, 0xfc, 0x5f, 0x0f, 0x76, 0xdd, 0x86, 0x81, 0xd5, 0xb8, 0xff,
    0x4f, 0xfb, 0xa9, 0x96, 0xfc, 0x70, 0x67, 0xa4, 0x48, 0x7f, 0x34, 0xf8, 0x99, 0xfa, 0xd8, 0xc5, 0xcf, 0x42, 0xfc,
    0xdb, 0x15, 0x97, 0x93, 0xda, 0xc8, 0xcf, 0xb5, 0xb7, 0x44, 0x7e, 0xa8, 0xc9, 0xdc, 0x97, 0x62, 0x36, 0x2a, 0x72,
    0x87, 0x52, 0x16, 0xd7, 0xa3, 0xb9, 0xe5, 0x4d, 0x34, 0xfb, 0x35, 0xf8, 0xdd, 0xac, 0x18, 0xae, 0xb8, 0x47, 0xde,
    0x53, 0xf7, 0x07, 0xb8, 0x08, 0xaf, 0xff, 0xdb, 0xa6, 0x7b, 0x2c, 0x07, 0x4b, 0xe1, 0xb7, 0x4b, 0x01, 0x01, 0xe9,
    0xa9, 0x91, 0x9e, 0x96, 0x53, 0xf9, 0xec, 0xfe, 0xc6, 0x45, 0xdb, 0xe1, 0x0e, 0xbd, 0x96, 0x71, 0x32, 0x65, 0x56,
    0x6c, 0x7e, 0x49, 0xc4, 0x42, 0x5d, 0xf8, 0x42, 0x4c, 0x02, 0xff, 0x14, 0x24, 0xa7, 0x79, 0x30, 0x82, 0x35, 0xec,
    0x79, 0x1d, 0xaf, 0x53, 0xb9, 0xbc, 0xe0, 0x0a, 0x20, 0x32, 0xcf, 0x45, 0x04, 0x17, 0x68, 0xa5, 0xf9, 0x48, 0x5e,
    0xb5, 0x05, 0x9f, 0xf9, 0x81, 0x63, 0x00, 0xb1, 0xfa, 0xa6, 0x12, 0x64, 0x27, 0x68, 0x47, 0x58, 0xc4, 0x3f, 0xfd,
    0x16, 0x42, 0x86, 0xe6, 0xf6, 0x89, 0x09, 0x38, 0x8b, 0xde, 0xd0, 0x84, 0x45, 0x6e, 0xe8, 0x4e, 0x39, 0x1d, 0x52,
    0x5e, 0xb4, 0x1b, 0xb7, 0xcf, 0xc8, 0x8b, 0x67, 0x50, 0xa8, 0x21, 0x1c, 0x72, 0xf8, 0xee, 0x05, 0x39, 0xd7, 0x7e,
    0xcc, 0x50, 0xef, 0xa3, 0xc3, 0x12, 0x9b, 0x12, 0x0e, 0x16, 0x57, 0x6d, 0xb1, 0x87, 0xca, 0x64, 0xef, 0x7a, 0xbd,
    0x7d, 0xe4, 0xc8, 0x62, 0xf8, 0xfe, 0xc0, 0x1f, 0xdc, 0xf6, 0x6e, 0xe7, 0xe7, 0xc8, 0x6a, 0x56, 0x75, 0x74, 0xa1,
    0xb3, 0x18, 0xcc, 0x67, 0xa2, 0x96, 0x43, 0x9c, 0xea, 0xe6, 0x90, 0xaf, 0xd4, 0xcc, 0x43, 0xd4, 0x37, 0x9f, 0x59,
    0x53, 0x37, 0xb6, 0x0d, 0xd9, 0xc8, 0x6d, 0x5c, 0x71, 0x20, 0xbf, 0x6e, 0x00, 0xd7, 0x40, 0x23, 0x54, 0xd6, 0x55,
    0x28, 0x9a, 0xcb, 0xd0, 0x0d, 0xcb, 0x1c, 0xba, 0x58, 0xb8, 0x32, 0x9c, 0x45, 0x2c, 0x8c, 0xc2, 0x33, 0x6a, 0xa0,
    0x98, 0xe2, 0x0a, 0x20, 0x89, 0x5e, 0x42, 0xd5, 0xbf, 0x75, 0xb1, 0xf9, 0xa1, 0xdd, 0x85, 0x5e, 0x1a, 0xc1, 0xc7,
    0x86, 0xe5, 0x3f, 0x2b, 0x4e, 0x47, 0x15, 0x71, 0x5a, 0x2a, 0xad, 0xbb, 0xaa, 0x9d, 0x8e, 0xc5, 0xb3, 0xbb, 0x33,
    0x7d, 0x5b, 0x6f, 0x08, 0x0e, 0x6f, 0x19, 0x30, 0xa9, 0x3f, 0xd9, 0xb0, 0x4d, 0xc2, 0x43, 0xb8, 0x0c, 0x4d, 0x9d,
    0xf7, 0x02, 0x8d, 0x08, 0x89, 0x22, 0x8e, 0xf6, 0x15, 0xe8, 0xd8, 0x39, 0x51, 0x47, 0xc9, 0x95, 0xb2, 0xc2, 0x0e,
    0x53, 0x17, 0xb9, 0xb5, 0xe5, 0xc2, 0x90, 0x2e, 0x56, 0xee, 0xac, 0x38, 0x92, 0xe7, 0x64, 0x49, 0x96, 0xb7, 0x06,
    0xa1, 0x36, 0x34, 0xee, 0x5b, 0x82, 0x94, 0x65, 0x9f, 0xce, 0x39, 0x4d, 0xff, 0x96, 0xfc, 0x82, 0xc5, 0x79, 0xf6,
    0x0b, 0x88, 0x2d, 0x0b, 0x6f, 0xcc, 0xe9, 0x90, 0x84, 0xea, 0x5a, 0x36, 0xd8, 0x81, 0x02, 0x23, 0x6f, 0xdf, 0x4e,
    0x52, 0x2c, 0x35, 0xfe, 0x23, 0x14, 0xba, 0x02, 0xb6, 0xd5, 0xdb, 0x6f, 0x39, 0x8a, 0x65, 0xe5, 0xef, 0x81, 0x52,
    0x07, 0x52, 0x89, 0x39, 0xdd, 0x9e, 0xb7, 0x3f, 0xee, 0x79, 0x5f, 0x5f, 0x3f, 0xf5, 0x0e, 0xc6, 0xdd, 0xa7, 0xd7,
    0x6d, 0xf8, 0xb7, 0xe7, 0x7d, 0x9d, 0xb6, 0x7b, 0xde, 0xd7, 0xf0, 0xff, 0x6f, 0xf7, 0xbc, 0xfd, 0x71, 0xbb, 0xeb,
    0x1d, 0x5c, 0xef, 0x7a, 0xbb, 0xaf, 0xbb, 0x3d, 0x6f, 0xd7, 0xe9, 0x3a, 0xaa, 0x1d, 0x88, 0x1b, 0xfd, 0x29, 0x9d,
    0x25, 0x66, 0x58, 0x13, 0xd7, 0x53, 0x27, 0xd6, 0x42, 0x2c, 0xaf, 0x9f, 0xb2, 0x79, 0x53, 0x3b, 0x3a, 0x9f, 0x47,
    0xfc, 0x93, 0x5b, 0x05, 0x98, 0xd6, 0xbd, 0x6b, 0x8a, 0x8a, 0x35, 0x43, 0x4c, 0x65, 0xbc, 0xd9, 0x8a, 0x1d, 0x4a,
    0x63, 0x53, 0x7d, 0x1b, 0x44, 0x87, 0xd4, 0xf4, 0x65, 0x1a, 0x16, 0x41, 0xab, 0xf7, 0x70, 0xc1, 0xb7, 0xa4, 0xbe,
    0xe5, 0x44, 0x4c, 0x9b, 0xc2, 0xcb, 0x5a, 0x86, 0x08, 0xf9, 0x61, 0x25, 0x39, 0xfe, 0xab, 0xa4, 0x5c, 0x06, 0x0d,
    0x0e, 0xdc, 0xf1, 0x9c, 0x93, 0xea, 0x42, 0x37, 0x5a, 0xc7, 0xda, 0x13, 0xc6, 0xe5, 0x85, 0xa5, 0x66, 0x56, 0x8d,
    0x7d, 0x41, 0x8d, 0x40, 0x29, 0x46, 0x68, 0x11, 0x84, 0x50, 0x14, 0xfa, 0xa1, 0x74, 0x9d, 0x86, 0xf6, 0x67, 0xf7,
    0xec, 0xcb, 0x21, 0x25, 0xb1, 0xcb, 0x4b, 0x09, 0x80, 0x9d, 0x01, 0x75, 0x21, 0x5c, 0xbb, 0x73, 0x1f, 0x27, 0xdd,
    0xcf, 0x62, 0x52, 0x0b, 0xc0, 0xa4, 0xeb, 0xcf, 0x81, 0xd9, 0xb2, 0x2b, 0xb4, 0x57, 0x07, 0x55, 0x43, 0x4a, 0xc4,
    0x23, 0x8d, 0xb1, 0x2b, 0x1a, 0x09, 0x2f, 0xca, 0x54, 0xfe, 0xbe, 0x25, 0xe2, 0x70, 0x97, 0xee, 0xa2, 0x32, 0x17,
    0x91, 0x95, 0xfc, 0xab, 0x65, 0x43, 0x2e, 0xa2, 0x3a, 0x01, 0xf8, 0x70, 0xdc, 0x1b, 0xbc, 0x3d, 0x3b, 0x72, 0x14,
    0x1b, 0x1f, 0xee, 0x8c, 0x7b, 0x83, 0x43, 0xe9, 0x3f, 0x53, 0x01, 0x79, 0xd2, 0x82, 0x80, 0x7c, 0xcb, 0xd1, 0x77,
    0x9b, 0xb4, 0x36, 0xe7, 0xbf, 0x71, 0x51, 0xb9, 0xa3, 0xf0, 0x20, 0xed, 0x63, 0xe5, 0x55, 0x9f, 0xcc, 0x52, 0xc1,
    0xe0, 0x23, 0x1d, 0x3b, 0x32, 0x1e, 0x0f, 0x8b, 0x5c, 0x9d, 0xf8, 0xd4, 0x96, 0xd0, 0x95, 0xc8, 0x8c, 0x0f, 0x7e,
    0xc8, 0x52, 0x6a, 0xce, 0x78, 0xea, 0xae, 0xaa, 0x0c, 0x9c, 0xd5, 0xda, 0xc5, 0xec, 0x6a, 0xc2, 0xea, 0x7c, 0x9f,
    0x0f, 0xba, 0xc1, 0xa1, 0x1c, 0xaa, 0x3a, 0x2c, 0x69, 0xbe, 0xbf, 0xd7, 0x5c, 0x62, 0x3d, 0x65, 0xad, 0x48, 0xe0,
    0x46, 0x89, 0xf1, 0xee, 0xa0, 0xf2, 0xca, 0xdb, 0xef, 0xca, 0xc3, 0x9d, 0xf1, 0xee, 0x20, 0xf4, 0x4f, 0x74, 0x7f,
    0xaf, 0xf3, 0xd1, 0xfa, 0xbe, 0xd2, 0x7c, 0x14, 0xc8, 0xf3, 0xdf, 0xea, 0x42, 0x21, 0x63, 0xe7, 0xe5, 0x69, 0x6b,
    0x70, 0xa8, 0xb5, 0xad, 0x23, 0x43, 0xf7, 0xad, 0xfd, 0x8e, 0x39, 0x52, 0x9e, 0xe6, 0x23, 0xe0, 0x5d, 0xd5, 0xc4,
    0x1a, 0xa4, 0x11, 0xd7, 0x18, 0x77, 0x07, 0x87, 0x91, 0x23, 0xc5, 0x90, 0x94, 0x33, 0x85, 0xbf, 0x03, 0x8d, 0xc7,
    0xf9, 0x84, 0x7a, 0x2c, 0xdf, 0xb9, 0xa1, 0x57, 0xed, 0x68, 0xca, 0xea, 0x28, 0x42, 0x3e, 0xca, 0xeb, 0x21, 0xf3,
    0xa5, 0x94, 0xa7, 0x5e, 0xed, 0x4a, 0xdd, 0x03, 0xf3, 0xbe, 0x61, 0x38, 0x58, 0x60, 0xe5, 0x83, 0xc3, 0x9d, 0x68,
    0x09, 0x23, 0x92, 0x35, 0x4b, 0x1d, 0xcf, 0x00, 0x1b, 0xfe, 0x4a, 0xe6, 0x5b, 0x29, 0xbd, 0x61, 0xe2, 0x1e, 0x5a,
    0x9f, 0x97, 0xad, 0xc1, 0x9f, 0xff, 0xe9, 0x7f, 0xe9, 0x50, 0xc6, 0xe1, 0xce, 0xb8, 0x6b, 0xfa, 0x5a, 0x5a, 0x95,
    0xf2, 0x10, 0xee, 0x53, 0xa9, 0x03, 0xd2, 0xf4, 0xb6, 0x3d, 0xe2, 0x2c, 0x69, 0x8f, 0xa3, 0x74, 0xd8, 0x1a, 0xdc,
    0x8f, 0x4d, 0x95, 0x07, 0xd8, 0x36, 0xa1, 0xdc, 0xd5, 0x22, 0x20, 0xd8, 0x1f, 0x75, 0xb3, 0x80, 0x49, 0xb1, 0x02,
    0x1c, 0x55, 0xf7, 0x0c, 0x98, 0xd9, 0x29, 0x9e, 0x83, 0x68, 0x4f, 0x55, 0x6e, 0x3e, 0xd4, 0xa9, 0x85, 0x25, 0x6d,
    0x5c, 0x35, 0x50, 0xb6, 0x1c, 0x13, 0x1b, 0x6c, 0xfd, 0xfb, 0x3f, 0xff, 0xdd, 0x7f, 0x37, 0x8f, 0xc3, 0x21, 0x69,
    0xfd, 0xf9, 0x1f, 0xff, 0xf3, 0xff, 0xfe, 0xd7, 0xbf, 0x87, 0x7c, 0x30, 0x15, 0x16, 0x6c, 0x81, 0x90, 0x31, 0x8f,
    0x50, 0x21, 0x55, 0x20, 0xc0, 0xf1, 0xb1, 0x09, 0x2b, 0x04, 0x8b, 0x9b, 0x17, 0x11, 0x9c, 0xca, 0x01, 0x25, 0x6b,
    0x6a, 0xe8, 0x24, 0x5b, 0x97, 0x35, 0x41, 0x35, 0x50, 0x2e, 0x09, 0xb7, 0x84, 0xaf, 0xac, 0xb1, 0xec, 0x51, 0xd7,
    0x9e, 0x78, 0xd5, 0x6a, 0x54, 0x76, 0x28, 0x94, 0x94, 0x75, 0xb9, 0x03, 0x11, 0xac, 0x39, 0x3c, 0xfa, 0x3d, 0xab,
    0x58, 0x2e, 0xde, 0xfc, 0xe3, 0xac, 0x10, 0x6c, 0x08, 0x48, 0x56, 0x0e, 0x7e, 0x19, 0xec, 0x6e, 0x83, 0x11, 0x99,
    0xde, 0xf5, 0x9b, 0x1d, 0x42, 0x2f, 0x8a, 0x3e, 0xf7, 0x0e, 0x7e, 0x5e, 0xfe, 0x6a, 0x02, 0x76, 0x9b, 0xe3, 0xca,
    0x92, 0x43, 0xf2, 0xa4, 0xd3, 0x99, 0xde, 0xa2, 0x79, 0xdd, 0x3d, 0x5e, 0x1e, 0xa9, 0x69, 0xfc, 0x5a, 0xbd, 0x49,
    0xd3, 0xb8, 0x0a, 0x65, 0x74, 0x9c, 0x6e, 0x67, 0x7a, 0x5b, 0x96, 0xbf, 0x9c, 0x4b, 0x17, 0x3a, 0xfb, 0x01, 0xa2,
    0xe3, 0x3a, 0xe6, 0x70, 0x95, 0xdb, 0xf3, 0x9a, 0x5b, 0x6d, 0x20, 0xe0, 0x50, 0x8e, 0xbb, 0xab, 0xf7, 0x8b, 0xd8,
    0x81, 0x7d, 0x3b, 0x2a, 0xbf, 0x07, 0x71, 0xf6, 0x71, 0x17, 0x8f, 0x7b, 0xf3, 0xaa, 0x73, 0x21, 0xf2, 0x89, 0x1d,
    0xcc, 0xa7, 0x11, 0x8d, 0xe9, 0x50, 0x83, 0x66, 0xde, 0xab, 0x40, 0x7d, 0x39, 0xde, 0x5d, 0x33, 0x96, 0x06, 0x48,
    0x06, 0xf1, 0x9d, 0x4e, 0xf9, 0x15, 0x70, 0xde, 0x7c, 0x98, 0xe6, 0x91, 0xf0, 0x25, 0xa1, 0xf6, 0xed, 0x94, 0x80,
    0x08, 0x64, 0x51, 0xae, 0x5f, 0xcb, 0x5b, 0x64, 0x2c, 0xd0, 0x9a, 0x17, 0x14, 0x96, 0x9e, 0x6c, 0x6e, 0x77, 0xd5,
    0xbc, 0x37, 0x65, 0xb3, 0xe1, 0xdd, 0xd4, 0xea, 0x67, 0x39, 0x1c, 0xdf, 0xa8, 0xa4, 0xf4, 0xbf, 0x55, 0xe5, 0x2d,
    0x75, 0x43, 0x09, 0x70, 0xb8, 0x5c, 0x55, 0x16, 0x56, 0x55, 0x37, 0xad, 0xad, 0x49, 0x34, 0x9d, 0xca, 0xda, 0xa8,
    0x7f, 0xb8, 0xa3, 0x2c, 0x63, 0x10, 0x22, 0x32, 0xab, 0x44, 0x25, 0x71, 0xe8, 0x4a, 0x9a, 0x23, 0xd4, 0x2f, 0x9d,
    0xde, 0x01, 0x5f, 0x7e, 0x1d, 0xfc, 0x1f, 0xfe, 0x58, 0xb1, 0x62, 0x32, 0x92, 0x00, 0x00};

#else  // Brotli (default, smaller)
constexpr uint8_t INDEX_BR[] PROGMEM = {
    0x1b, 0x31, 0x92, 0xa3, 0x10, 0xd8, 0x38, 0x10, 0x90, 0xc0, 0xfe, 0x07, 0x45, 0x14, 0x95, 0x10, 0x40, 0xad, 0x0b,
    0x78, 0x32, 0xfa, 0x5c, 0x35, 0x22, 0x99, 0xac, 0xc5, 0x71, 0xac, 0xdb, 0x3d, 0x54, 0xbb, 0xb7, 0xad, 0x16, 0x21,
    0x84, 0xd0, 0x03, 0xc3, 0x2e, 0xef, 0xbd, 0x45, 0x8d, 0x9e, 0xad, 0xd2, 0x46, 0x2b, 0x2c, 0xc0, 0xad, 0x22, 0xd6,
    0xa2, 0xa0, 0x8b, 0xc3, 0x14, 0xeb, 0x29, 0x7f, 0x9e, 0xd1, 0x3d, 0x73, 0xac, 0xd2, 0x23, 0x34, 0xf6, 0x49, 0xee,
    0xbd, 0x9a, 0xda, 0xd7, 0x3f, 0x4d, 0x45, 0x29, 0x7a, 0xf4, 0x60, 0x05, 0x50, 0xa4, 0x94, 0x13, 0xd4, 0x08, 0x3e,
    0x72, 0x9c, 0xf6, 0x26, 0x4e, 0xf6, 0x92, 0xf5, 0x35, 0x34, 0x09, 0x2a, 0xdc, 0xa5, 0x40, 0x3f, 0x12, 0x3a, 0x1c,
    0x10, 0xe9, 0x8b, 0xad, 0xca, 0x14, 0xd5, 0xfa, 0xaa, 0xbf, 0x9c, 0xd6, 0xb4, 0x1c, 0xd5, 0x7e, 0x72, 0xec, 0x50,
    0x01, 0x27, 0x9c, 0x71, 0x3a, 0xf5, 0x90, 0xda, 0x6c, 0xdf, 0xaf, 0x5e, 0xa7, 0x5f, 0xbf, 0x16, 0x69, 0x27, 0xdb,
    0x11, 0x52, 0x4a, 0x3f, 0x12, 0xc0, 0xa5, 0x21, 0xec, 0x3e, 0x19, 0x52, 0xee, 0x0c, 0xcf, 0xb0, 0x20, 0xf6, 0xf0,
    0xde, 0xca, 0x4d, 0x63, 0xf8, 0x3e, 0xd5, 0xb4, 0x77, 0x53, 0x9d, 0x32, 0x57, 0xf7, 0x86, 0xe7, 0x10, 0xf1, 0x05,
    0xc1, 0xa9, 0x76, 0xee, 0x6c, 0x8e, 0x40, 0x85, 0xec, 0x4c, 0x39, 0x81, 0x5b, 0x74, 0x8d, 0xc1, 0x89, 0x53, 0xf9,
    0x09, 0xd5, 0x00, 0xeb, 0x99, 0xd6, 0xb7, 0xd4, 0x55, 0x45, 0xe9, 0x72, 0x01, 0x72, 0xc9, 0x35, 0xad, 0x1c, 0xa8,
    0xb1, 0x2e, 0x88, 0x2f, 0xf4, 0x5a, 0x02, 0x89, 0xde, 0xfd, 0x61, 0x35, 0x70, 0xff, 0xf4, 0xd3, 0x43, 0x0b, 0x39,
    0xc2, 0x28, 0x6a, 0xeb, 0xff, 0x83, 0xe0, 0xad, 0xe0, 0x02, 0xa9, 0x15, 0x2f, 0x7f, 0x6f, 0xa6, 0x65, 0xda, 0x33,
    0xb4, 0x77, 0x27, 0x17, 0x84, 0x52, 0xac, 0x48, 0xa5, 0x20, 0x01, 0x29, 0xe3, 0x23, 0x17, 0xc4, 0x0a, 0x42, 0xf4,
    0x33, 0xff, 0x2d, 0x7e, 0xbb, 0xc3, 0x74, 0x63, 0x46, 0x9a, 0xc1, 0x00, 0x47, 0x18, 0x42, 0x02, 0x41, 0xa2, 0x08,
    0x80, 0x64, 0x15, 0xe8, 0xfe, 0xff, 0xdd, 0x03, 0x74, 0xf7, 0x80, 0x28, 0xcc, 0xac, 0x03, 0xb0, 0xbc, 0xa2, 0x93,
    0xc1, 0x79, 0x2c, 0xf7, 0xce, 0x47, 0xce, 0x47, 0x1b, 0xc9, 0xd8, 0x28, 0x31, 0x36, 0x55, 0xae, 0x2c, 0x30, 0x36,
    0x08, 0x15, 0x0a, 0xfe, 0x57, 0x1c, 0xcd, 0x2c, 0x09, 0xee, 0xb0, 0xf5, 0x7b, 0x59, 0x87, 0xea, 0x7d, 0xd2, 0x4a,
    0x38, 0xc6, 0xf8, 0x62, 0x9a, 0x66, 0xdd, 0x96, 0xa1, 0xea, 0x5b, 0x9a, 0xce, 0xe9, 0x5b, 0xcd, 0x15, 0xd7, 0x18,
    0x84, 0xa4, 0x90, 0xb9, 0x4e, 0x04, 0x7b, 0xcf, 0x4c, 0x26, 0xce, 0x88, 0x03, 0xc8, 0x29, 0x18, 0x43, 0x8d, 0x25,
    0x03, 0x29, 0x71, 0x5e, 0x43, 0x7b, 0xe1, 0x04, 0xd3, 0xa5, 0x3d, 0x4c, 0xea, 0x2c, 0xb9, 0x90, 0x83, 0xa8, 0x71,
    0x0c, 0xe0, 0x10, 0x7e, 0xf4, 0x02, 0xbd, 0x19, 0x04, 0x06, 0x2c, 0x6d, 0x5a, 0xe3, 0x2a, 0xd8, 0xde, 0x8d, 0x60,
    0x79, 0xd6, 0x6c, 0x18, 0x42, 0xd2, 0xc6, 0xfb, 0x8b, 0xeb, 0x6b, 0xb4, 0x56, 0xf0, 0x1f, 0xca, 0xe7, 0xfe, 0x3d,
    0x8c, 0xc8, 0x97, 0x8a, 0x2d, 0xb3, 0xed, 0x90, 0xa8, 0x0f, 0x07, 0x10, 0x97, 0xe1, 0xad, 0x74, 0x54, 0x6d, 0x97,
    0xf3, 0x2c, 0xd8, 0xf1, 0x71, 0x96, 0x7c, 0x90, 0x67, 0xbe, 0x7f, 0x7d, 0x5d, 0xca, 0xcc, 0x38, 0xcb, 0x59, 0xfb,
    0x6d, 0xda, 0x06, 0x29, 0x22, 0xf6, 0xc3, 0x85, 0x4a, 0x6f, 0xfa, 0x98, 0xdd, 0x71, 0xd2, 0xe0, 0x25, 0x8e, 0x11,
    0xbf, 0x6c, 0xd3, 0x02, 0xa8, 0x14, 0x34, 0x7a, 0xda, 0x25, 0xe5, 0xda, 0xff, 0x51, 0x7e, 0x74, 0xbb, 0x59, 0xfa,
    0xb6, 0x23, 0x4c, 0x62, 0xa4, 0x43, 0xcb, 0x98, 0x5e, 0xda, 0xe6, 0x70, 0x61, 0xcc, 0x6b, 0xd0, 0xba, 0xf8, 0x71,
    0x9d, 0xe9, 0x81, 0x80, 0x8e, 0x80, 0x77, 0x1b, 0x54, 0x89, 0x17, 0xcf, 0xbe, 0xf1, 0xeb, 0xa1, 0x03, 0xb7, 0xdb,
    0xc8, 0xd6, 0xc7, 0xbf, 0x0a, 0x05, 0xcd, 0x2d, 0x70, 0xf9, 0xd1, 0xd1, 0x3f, 0xdc, 0x4e, 0xaf, 0xc5, 0xa2, 0x3d,
    0x7f, 0x83, 0xf5, 0x5c, 0x3d, 0x04, 0x93, 0x1e, 0x56, 0x69, 0x9c, 0xb9, 0x0d, 0x62, 0xbf, 0xae, 0x40, 0xda, 0x2a,
    0x31, 0x85, 0xf2, 0x2c, 0x05, 0xb2, 0x32, 0xeb, 0x11, 0xe2, 0xf9, 0x3e, 0xd4, 0x08, 0xa6, 0xbc, 0x57, 0x55, 0xdc,
    0xa5, 0xf6, 0xb7, 0x43, 0xa3, 0x17, 0xfd, 0x3b, 0x2d, 0x62, 0x60, 0xfe, 0x6a, 0x12, 0x9b, 0xba, 0x05, 0x86, 0x80,
    0x32, 0x67, 0x60, 0x9a, 0x48, 0x05, 0x84, 0xd9, 0x98, 0x9d, 0x61, 0x3d, 0xce, 0x3f, 0xe4, 0xfa, 0xde, 0xe4, 0x00,
    0xf9, 0x36, 0x86, 0xf6, 0x61, 0x6b, 0xb1, 0xd2, 0xeb, 0x04, 0x64, 0x26, 0x6d, 0x23, 0x04, 0x51, 0x0c, 0xea, 0xdc,
    0x2a, 0xbb, 0xcd, 0x1b, 0x2f, 0xa8, 0xd3, 0x5c, 0x44, 0xce, 0xee, 0x12, 0x64, 0x1d, 0x7f, 0xdf, 0x4b, 0x4a, 0x0f,
    0xc8, 0x44, 0x1c, 0xc2, 0xef, 0x01, 0x83, 0x20, 0x03, 0x66, 0x51, 0x64, 0x51, 0xb2, 0x8c, 0xee, 0xdd, 0x57, 0x74,
    0xcd, 0x87, 0xa4, 0x76, 0x69, 0x1d, 0x37, 0x83, 0x51, 0x32, 0x85, 0xde, 0x30, 0x65, 0x80, 0x3a, 0x63, 0xfb, 0xb6,
    0x49, 0x9c, 0xad, 0xc5, 0x73, 0xcc, 0x00, 0x66, 0xc8, 0x08, 0xab, 0x06, 0x3c, 0xc4, 0x65, 0x09, 0x65, 0xad, 0x8c,
    0x44, 0x10, 0xb9, 0xc3, 0xc6, 0xf7, 0x7b, 0xc5, 0x86, 0x58, 0x73, 0x63, 0x9d, 0x69, 0xf0, 0x8d, 0x87, 0x6f, 0xc1,
    0xac, 0x8e, 0xb1, 0xd4, 0x55, 0x72, 0x32, 0x00, 0x69, 0x57, 0xa0, 0x4f, 0x5e, 0xa4, 0x2f, 0x24, 0xbc, 0xb7, 0xc0,
    0x17, 0xe3, 0x80, 0x0d, 0x28, 0xb6, 0x5c, 0xee, 0x3a, 0x11, 0x9f, 0x04, 0x4b, 0xc7, 0x34, 0xe5, 0xf0, 0x00, 0xb2,
    0x4a, 0x46, 0x2f, 0x2d, 0x16, 0x66, 0x8e, 0x3a, 0xfe, 0x58, 0xa4, 0x87, 0xa9, 0x87, 0x9e, 0x50, 0x68, 0x63, 0x4f,
    0x22, 0x28, 0x02, 0x57, 0xc5, 0x3f, 0x9d, 0x18, 0x24, 0x58, 0xf5, 0x6a, 0x2f, 0x1b, 0x93, 0xeb, 0x94, 0x08, 0xa9,
    0xa6, 0x95, 0x3a, 0x2d, 0x67, 0x72, 0x6d, 0x24, 0x4e, 0x40, 0x4c, 0x16, 0xb1, 0x70, 0x6b, 0xa3, 0x22, 0x73, 0x94,
    0xb3, 0x74, 0xda, 0x2e, 0xb0, 0x19, 0x4b, 0x4b, 0x77, 0x1e, 0x61, 0xe8, 0x13, 0x74, 0x99, 0x69, 0x79, 0xce, 0x51,
    0xda, 0x99, 0x06, 0xd3, 0x58, 0xe1, 0x82, 0xc9, 0x75, 0x36, 0x65, 0xe4, 0x91, 0xe3, 0x31, 0xea, 0xfa, 0xa4, 0x18,
    0xff, 0x4a, 0x40, 0x02, 0x1b, 0x3a, 0x64, 0x45, 0xc1, 0xae, 0x56, 0x55, 0x3e, 0x28, 0x6b, 0x4e, 0xdd, 0x5e, 0x1d,
    0x4c, 0xa2, 0x79, 0x41, 0x0d, 0xcf, 0x6b, 0x5a, 0x39, 0xd9, 0x8c, 0x6b, 0x31, 0xc7, 0xc9, 0x9b, 0x2d, 0xbc, 0x6f,
    0xbb, 0xae, 0x84, 0xbf, 0xca, 0x6a, 0xcd, 0xad, 0x57, 0xa5, 0x54, 0xf7, 0x59, 0xb8, 0x8f, 0xf0, 0x95, 0x5c, 0xec,
    0x2d, 0xb5, 0x3a, 0x12, 0x8d, 0x54, 0x17, 0x6b, 0x47, 0x37, 0x73, 0x76, 0x5c, 0x96, 0xed, 0x31, 0x69, 0x90, 0x7e,
    0xba, 0x49, 0x3a, 0xe2, 0xe2, 0x6c, 0x26, 0x2e, 0xea, 0x79, 0x6c, 0x16, 0x7e, 0x6d, 0xea, 0x7b, 0x85, 0xc9, 0xaa,
    0xb1, 0xc5, 0x67, 0x4c, 0x00, 0x2f, 0x77, 0x9e, 0x70, 0xaa, 0x46, 0xf7, 0x31, 0xc1, 0x4d, 0x61, 0x53, 0x10, 0x53,
    0x90, 0x81, 0x09, 0xf9, 0xad, 0x7a, 0x4d, 0x53, 0xeb, 0xcc, 0x48, 0x08, 0xc5, 0xb8, 0xb4, 0x06, 0x82, 0x54, 0x47,
    0x05, 0x69, 0x16, 0x82, 0x37, 0x90, 0xa7, 0x71, 0xa1, 0x2c, 0x64, 0x6e, 0xc9, 0x3e, 0x75, 0x95, 0x1e, 0xf6, 0xda,
    0x4b, 0xdc, 0x78, 0xb2, 0x2a, 0xef, 0x01, 0xac, 0xad, 0xd1, 0x4a, 0xae, 0xe6, 0x71, 0x90, 0x1e, 0x47, 0x18, 0xc1,
    0xf0, 0xf8, 0xd8, 0x0e, 0xed, 0x03, 0x29, 0x5f, 0xc8, 0x70, 0x56, 0x5a, 0xfd, 0x10, 0xca, 0x4d, 0x1f, 0x04, 0x00,
    0x10, 0x6f, 0xd2, 0xdb, 0xbd, 0x63, 0xc1, 0x8a, 0xf6, 0x0f, 0xc0, 0x89, 0x46, 0x4d, 0xea, 0xb8, 0xc2, 0xd8, 0x43,
    0x7d, 0x83, 0xc3, 0xfc, 0xc7, 0x5e, 0xba, 0x56, 0xbf, 0xdd, 0xe0, 0x4e, 0x8d, 0xef, 0xc6, 0x82, 0x4c, 0x62, 0x06,
    0x32, 0x94, 0x22, 0x2b, 0xe1, 0xe7, 0xf6, 0x5c, 0x6e, 0xe5, 0x94, 0x26, 0xf3, 0xad, 0x32, 0x49, 0xa8, 0x0f, 0x6d,
    0x1a, 0x42, 0x4a, 0x7f, 0xb6, 0x74, 0x3b, 0xfd, 0x5b, 0x92, 0xff, 0x7d, 0x90, 0x86, 0x8e, 0xf4, 0x28, 0x68, 0xd6,
    0xb6, 0x52, 0xda, 0x27, 0x76, 0xc9, 0x0b, 0xc4, 0x58, 0xb1, 0x97, 0x22, 0xa6, 0xe4, 0x63, 0x76, 0x4b, 0x3b, 0xe9,
    0x54, 0xad, 0x86, 0x8f, 0x1a, 0x8a, 0x83, 0x80, 0x60, 0x7d, 0x30, 0x55, 0x84, 0x6e, 0x7a, 0xe1, 0x90, 0x5f, 0x8b,
    0xc5, 0xd5, 0x80, 0xaf, 0xa8, 0x29, 0xae, 0xb5, 0x97, 0x04, 0x29, 0x32, 0x7a, 0x6b, 0x55, 0x14, 0x8e, 0xfe, 0xca,
    0x34, 0xea, 0x03, 0x2e, 0x0e, 0xda, 0x45, 0x19, 0x32, 0xc6, 0x92, 0x6a, 0x97, 0x9c, 0xee, 0xdd, 0xbc, 0x9a, 0xea,
    0xe7, 0x20, 0xe5, 0xe9, 0xce, 0x59, 0x18, 0x2e, 0xb3, 0x28, 0x4a, 0x82, 0x2b, 0x82, 0xa5, 0x9d, 0x0e, 0x6f, 0x24,
    0x55, 0x54, 0x17, 0x01, 0xd3, 0x99, 0xee, 0x54, 0x2a, 0x1e, 0xb3, 0xc8, 0x7a, 0x18, 0x82, 0x1a, 0xde, 0x0f, 0x61,
    0x92, 0x54, 0x1f, 0x53, 0x53, 0xb2, 0xf7, 0xe3, 0xc3, 0xb3, 0xa5, 0xe3, 0xbc, 0x1e, 0x00, 0x2a, 0x8a, 0x98, 0x4c,
    0x49, 0xb0, 0x75, 0x50, 0xa8, 0xbf, 0x18, 0x96, 0xe5, 0x02, 0x93, 0xb8, 0x1e, 0xb6, 0xaa, 0x8c, 0x25, 0xd4, 0x20,
    0xbd, 0x68, 0xe0, 0xd7, 0x12, 0x6b, 0xbc, 0x9b, 0xb0, 0x51, 0x23, 0x16, 0x6d, 0x33, 0x01, 0xeb, 0x20, 0xd6, 0x76,
    0x49, 0x88, 0xcf, 0x0e, 0x20, 0x53, 0x11, 0x22, 0x16, 0xc7, 0xec, 0x12, 0xdc, 0xa7, 0x72, 0x50, 0x60, 0x54, 0xe7,
    0x57, 0xd5, 0x53, 0x72, 0xeb, 0x53, 0x0e, 0xfa, 0x9b, 0x96, 0xc2, 0xe8, 0x56, 0x52, 0xe4, 0x49, 0x7d, 0x5d, 0x14,
    0xf5, 0xe9, 0x18, 0x9b, 0x85, 0xa5, 0x36, 0x17, 0xc3, 0x41, 0xa7, 0xb4, 0xe5, 0x8c, 0xb0, 0x08, 0x34, 0xaa, 0x8d,
    0x80, 0x2d, 0x17, 0xbc, 0xa4, 0x1c, 0x6b, 0x0a, 0x3b, 0x6d, 0x65, 0x4a, 0x99, 0xe1, 0x8a, 0x34, 0x36, 0x2e, 0x69,
    0x67, 0x92, 0x9f, 0x1b, 0x40, 0x4f, 0x86, 0xd9, 0xa9, 0x7c, 0x7a, 0x5b, 0x33, 0x49, 0x84, 0x8b, 0x33, 0xa4, 0xbb,
    0xdc, 0x9e, 0xb2, 0x93, 0x36, 0x02, 0x80, 0x3a, 0x77, 0x48, 0x1a, 0x53, 0xe8, 0x62, 0xbc, 0xaf, 0x88, 0xa8, 0x40,
    0xac, 0x2f, 0xd7, 0xf0, 0x1f, 0x3f, 0x4b, 0xae, 0x9e, 0x65, 0x62, 0x92, 0x37, 0xca, 0xb6, 0x51, 0xe4, 0xbd, 0xac,
    0x80, 0x7c, 0x0f, 0xc3, 0xaa, 0x31, 0x63, 0xce, 0xd0, 0xa2, 0x64, 0xbf, 0xba, 0xa7, 0x46, 0x33, 0xc8, 0x93, 0x7a,
    0xa0, 0x79, 0x73, 0xb6, 0x0b, 0x27, 0x49, 0x4b, 0x85, 0x61, 0x57, 0x77, 0xe5, 0x02, 0x66, 0x55, 0x82, 0xb7, 0x23,
    0xf5, 0xba, 0x98, 0x21, 0xbf, 0xbe, 0xca, 0x1d, 0x02, 0x6c, 0x93, 0xd0, 0xd8, 0x9a, 0x72, 0xed, 0xe0, 0x6a, 0x99,
    0x00, 0x3a, 0xfa, 0x61, 0x1c, 0x80, 0x41, 0x89, 0xa6, 0x8a, 0x72, 0x2e, 0x86, 0xfd, 0x2c, 0x4c, 0x54, 0x6e, 0x72,
    0xcd, 0x75, 0x4b, 0xa9, 0xa6, 0x57, 0xc0, 0x2b, 0x41, 0xae, 0x2c, 0xcd, 0x3c, 0x91, 0xc6, 0x23, 0x8c, 0x5d, 0x15,
    0xfc, 0x47, 0x02, 0xe3, 0xda, 0x12, 0xe4, 0xf6, 0x5c, 0x9c, 0x5b, 0xe7, 0x19, 0x96, 0x34, 0x6a, 0x40, 0x4a, 0x69,
    0x35, 0x67, 0x34, 0xff, 0x49, 0xf1, 0xb5, 0xfa, 0xe8, 0xd6, 0x00, 0xce, 0x9d, 0xc8, 0x52, 0xbb, 0x58, 0xad, 0x15,
    0xd7, 0x47, 0xfb, 0x84, 0xad, 0xe2, 0x30, 0x51, 0x7a, 0x13, 0xc8, 0xd6, 0x72, 0x92, 0x82, 0x64, 0x8b, 0x81, 0x9d,
    0x60, 0x84, 0x33, 0x54, 0x56, 0xbd, 0x88, 0x8e, 0x9f, 0x7d, 0x80, 0x41, 0xc4, 0x7e, 0xe9, 0xb3, 0xee, 0xc2, 0xd5,
    0x6e, 0xb3, 0x5c, 0xac, 0x62, 0xfd, 0x8b, 0x9c, 0x74, 0x52, 0x0d, 0x5a, 0x13, 0x1e, 0xf7, 0xac, 0xde, 0x7e, 0x13,
    0x66, 0x3d, 0xae, 0x27, 0xb0, 0x89, 0x57, 0x41, 0xb7, 0x50, 0xcc, 0x53, 0x8e, 0x38, 0xf8, 0x4f, 0x41, 0x29, 0x98,
    0xe0, 0xf6, 0x4d, 0x39, 0xcc, 0xf9, 0xb7, 0x0e, 0x92, 0x6c, 0x2d, 0x97, 0x1a, 0xa3, 0x64, 0x00, 0x97, 0xd9, 0x18,
    0x7f, 0x55, 0x33, 0x58, 0xe8, 0xb6, 0x7b, 0x9a, 0xa5, 0xa9, 0x8a, 0x8a, 0xbd, 0xaa, 0x34, 0x6d, 0xbe, 0xb3, 0xa9,
    0x47, 0xa2, 0x15, 0xdc, 0x94, 0x98, 0xd1, 0x21, 0x77, 0xc2, 0x5f, 0x7d, 0xe3, 0x39, 0x4c, 0x12, 0x06, 0xa0, 0x8d,
    0xc0, 0x1f, 0x17, 0x92, 0x60, 0x49, 0x7e, 0x92, 0xb4, 0x74, 0x07, 0xa9, 0x7f, 0x14, 0xf5, 0x17, 0x9c, 0x21, 0x97,
    0x77, 0x59, 0x0c, 0x86, 0x24, 0x6e, 0x24, 0xff, 0x1b, 0x2b, 0x85, 0x86, 0x12, 0x40, 0xd4, 0x3e, 0x3b, 0x22, 0x30,
    0xa9, 0xd8, 0xfb, 0x9f, 0x2b, 0x17, 0x79, 0x83, 0xd9, 0xbf, 0x8d, 0x51, 0x55, 0xa2, 0x72, 0x6f, 0xcf, 0x9d, 0x03,
    0x8d, 0xb1, 0x04, 0xba, 0x2e, 0x8f, 0x6b, 0x31, 0xb7, 0x10, 0xd6, 0xaa, 0x39, 0x36, 0x8f, 0x73, 0xc3, 0xa2, 0xc6,
    0x7e, 0x9a, 0xf5, 0x68, 0x0c, 0xc0, 0xd0, 0x2c, 0x00, 0xf8, 0xcc, 0x4e, 0x4a, 0xed, 0xd0, 0x71, 0x3e, 0xab, 0x6e,
    0x18, 0xea, 0xc3, 0x0c, 0x92, 0xc4, 0x35, 0x15, 0x41, 0x6a, 0xef, 0xdf, 0xd1, 0xa8, 0xf1, 0x40, 0xff, 0xe4, 0x28,
    0x3d, 0xc0, 0xdd, 0x53, 0x82, 0x43, 0x3a, 0x5e, 0xaf, 0x9e, 0xb9, 0x99, 0xca, 0x25, 0x40, 0x58, 0xef, 0x0f, 0x95,
    0x9c, 0xd2, 0xac, 0xa6, 0x23, 0x70, 0x16, 0xbc, 0x80, 0x54, 0x09, 0x89, 0xb4, 0xa8, 0xb4, 0x56, 0xe0, 0x40, 0x87,
    0xe2, 0x85, 0x48, 0x26, 0xc2, 0x98, 0x05, 0x2c, 0x94, 0xe2, 0xcf, 0xf8, 0x70, 0x79, 0xbd, 0x49, 0x9c, 0x57, 0x48,
    0x95, 0x4a, 0x74, 0xed, 0x58, 0x91, 0xe6, 0x0e, 0x6a, 0xa1, 0x2b, 0x66, 0x11, 0x56, 0x4c, 0xc2, 0x1a, 0xcf, 0x8f,
    0x09, 0xbc, 0xb3, 0xd9, 0x7f, 0x85, 0x81, 0x98, 0xde, 0x52, 0x67, 0xdd, 0x22, 0x42, 0xb3, 0xc6, 0x2b, 0x53, 0x0a,
    0xba, 0x1c, 0xd8, 0x87, 0x41, 0x79, 0x09, 0x58, 0x28, 0x34, 0x3a, 0x26, 0xf9, 0xe4, 0x8d, 0xed, 0x18, 0xb9, 0x06,
    0x78, 0xbb, 0xf8, 0x7c, 0x9c, 0x0b, 0x5a, 0xe1, 0x8a, 0xf1, 0x2c, 0x99, 0xf6, 0xab, 0xb0, 0x3f, 0x99, 0xaf, 0x52,
    0x99, 0xb2, 0x4d, 0x14, 0x77, 0xe8, 0x43, 0x49, 0x8c, 0xa4, 0x53, 0x39, 0x97, 0x1f, 0xb9, 0xd8, 0xcb, 0x57, 0xf0,
    0xe3, 0x91, 0xfc, 0x4a, 0x24, 0x07, 0xac, 0x1f, 0xca, 0xf2, 0x8d, 0xae, 0x79, 0xc6, 0x66, 0x6d, 0x73, 0x7b, 0xeb,
    0x24, 0xc3, 0x66, 0x8b, 0x1f, 0x54, 0x91, 0xbf, 0x13, 0x63, 0xe9, 0xc3, 0x65, 0x33, 0xe4, 0xbb, 0x84, 0x69, 0x70,
    0x41, 0x41, 0x70, 0x1d, 0x60, 0x21, 0x42, 0xfa, 0x20, 0xb9, 0x1a, 0x98, 0x4e, 0x0c, 0x64, 0x14, 0xeb, 0x09, 0xd2,
    0x9b, 0xed, 0xeb, 0x3e, 0x4f, 0x48, 0x90, 0x42, 0xa9, 0x37, 0x92, 0x8a, 0xa2, 0x66, 0x89, 0x8b, 0x58, 0xcd, 0x10,
    0x46, 0x9c, 0x9d, 0x96, 0x3a, 0x7d, 0x3d, 0x11, 0xce, 0x1c, 0x66, 0xf6, 0x94, 0x16, 0xaf, 0x5c, 0x09, 0x60, 0xa3,
    0xbf, 0x73, 0x68, 0xdd, 0xb4, 0xc3, 0x51, 0x52, 0xce, 0x25, 0x2b, 0xcb, 0xac, 0x15, 0x9f, 0x30, 0xa2, 0xa2, 0x77,
    0x1b, 0x93, 0x13, 0x60, 0xa2, 0x2c, 0x93, 0xd1, 0x8a, 0x8c, 0xa9, 0xb0, 0xa0, 0x77, 0x22, 0x6e, 0x5f, 0x4a, 0xcb,
    0xbe, 0xa8, 0x8f, 0x74, 0xae, 0xfa, 0xfd, 0xe1, 0x05, 0x45, 0x65, 0xb8, 0x73, 0x1a, 0x9b, 0x38, 0x4b, 0x03, 0x62,
    0xbe, 0x45, 0xf8, 0x32, 0xd4, 0x1a, 0x1b, 0xb0, 0x6e, 0xe4, 0x02, 0x32, 0x51, 0x63, 0xad, 0x49, 0x1f, 0x02, 0xd9,
    0x2a, 0x5f, 0x28, 0x9a, 0xe0, 0xa2, 0xd0, 0xe3, 0xd0, 0xc3, 0x89, 0x04, 0x0c, 0x9b, 0xc3, 0xf6, 0x57, 0x53, 0x6a,
    0xcd, 0x3a, 0xa2, 0x62, 0xee, 0x8d, 0x79, 0x75, 0xed, 0x30, 0x24, 0x42, 0x3f, 0x7d, 0x4e, 0x25, 0x6b, 0x3b, 0x85,
    0x3e, 0x48, 0x3c, 0x90, 0x7c, 0x06, 0x3e, 0x4a, 0x9e, 0xb2, 0x0d, 0x2b, 0x0f, 0xef, 0xa2, 0x3e, 0x5b, 0x05, 0x86,
    0x39, 0x57, 0xe5, 0x99, 0x52, 0x30, 0x39, 0x6b, 0x52, 0x1f, 0x73, 0x2a, 0x95, 0x2f, 0x37, 0x3e, 0x67, 0xc2, 0xbe,
    0xe8, 0x8c, 0xd0, 0xe9, 0xf9, 0x2b, 0x49, 0x0a, 0x3c, 0x1a, 0xf7, 0xe1, 0x00, 0x00, 0x8e, 0x95, 0x84, 0xd7, 0x0c,
    0x58, 0x04, 0xdd, 0xc8, 0xc1, 0x26, 0x16, 0x0c, 0x19, 0xbe, 0x12, 0x02, 0x3f, 0x5b, 0x12, 0xaf, 0xa1, 0xa5, 0x7b,
    0x9f, 0x0d, 0xc1, 0xa4, 0x90, 0x80, 0x9e, 0xa4, 0xba, 0x28, 0xd9, 0xd6, 0xcf, 0x93, 0xa7, 0x36, 0xaf, 0xaa, 0x5c,
    0xc2, 0x93, 0xf8, 0x5c, 0x50, 0x3f, 0x0d, 0x98, 0x45, 0xf5, 0x65, 0x80, 0x35, 0xe4, 0x56, 0x31, 0xa6, 0x72, 0x7c,
    0x8f, 0x10, 0xb2, 0x87, 0x66, 0x2c, 0xb4, 0xe2, 0x98, 0x01, 0xd0, 0x3e, 0xf2, 0x27, 0x88, 0xa4, 0x5b, 0x10, 0x98,
    0x6c, 0x06, 0x44, 0xd1, 0xa5, 0x9e, 0x8f, 0x00, 0x8c, 0x5b, 0x75, 0xec, 0x60, 0x4c, 0x8a, 0xa2, 0x1e, 0x52, 0x74,
    0xa4, 0x9a, 0x85, 0x61, 0xd5, 0x6f, 0x09, 0x26, 0xed, 0xd7, 0xfa, 0x2a, 0x6c, 0x87, 0x87, 0xa3, 0x2e, 0x6a, 0x7b,
    0x8d, 0xd3, 0x90, 0xd2, 0xf3, 0x6b, 0x36, 0x1d, 0x84, 0xba, 0x04, 0xd5, 0x58, 0x70, 0xe7, 0x14, 0x10, 0x29, 0xd6,
    0xb1, 0xac, 0x59, 0xcd, 0xb2, 0x95, 0x87, 0xff, 0xd8, 0xac, 0xa3, 0x6d, 0x46, 0xb8, 0x1a, 0x54, 0xd6, 0x03, 0xb4,
    0x4a, 0x9d, 0x8b, 0x85, 0x7f, 0x56, 0x43, 0xf8, 0xb8, 0x8a, 0x56, 0xbb, 0x88, 0xcc, 0xea, 0xec, 0xb2, 0x06, 0x41,
    0x72, 0x1e, 0x1c, 0x44, 0xd6, 0xd0, 0x72, 0x1b, 0x26, 0x60, 0x3e, 0x4a, 0x74, 0x06, 0x18, 0xdd, 0x6b, 0x84, 0x10,
    0xed, 0xc2, 0x44, 0x55, 0x20, 0x35, 0x30, 0xd8, 0x14, 0xfc, 0x61, 0x8c, 0xff, 0x28, 0x05, 0x28, 0x00, 0x71, 0x18,
    0xd9, 0x52, 0x5c, 0x17, 0x53, 0x4e, 0xfc, 0xa2, 0xcf, 0xb8, 0x2e, 0xda, 0x56, 0x7a, 0xec, 0x0f, 0x20, 0x25, 0xb7,
    0x48, 0x23, 0xe9, 0x04, 0x98, 0x99, 0x67, 0x05, 0x8d, 0x13, 0xca, 0x9f, 0x3e, 0xdb, 0x86, 0x4b, 0x86, 0x03, 0x55,
    0x3a, 0x6c, 0x82, 0x13, 0x03, 0x02, 0x14, 0x17, 0x8f, 0x36, 0x69, 0xe4, 0xf0, 0xa4, 0xf8, 0x92, 0x18, 0x0a, 0xe2,
    0x0d, 0x1d, 0x40, 0x67, 0x24, 0x31, 0x34, 0x9c, 0x43, 0x9b, 0x29, 0x9c, 0x6f, 0x99, 0x63, 0x40, 0x82, 0xea, 0x50,
    0xa1, 0x4b, 0x17, 0xed, 0xfb, 0x50, 0xdd, 0xd7, 0x87, 0xc4, 0xe9, 0xf9, 0xe5, 0x98, 0x6d, 0xed, 0x51, 0x8b, 0x91,
    0x69, 0x65, 0x10, 0xfb, 0x26, 0x59, 0xe4, 0xc5, 0x7c, 0x18, 0xe2, 0x69, 0x0b, 0x61, 0xb4, 0x81, 0xcc, 0x15, 0x25,
    0xd9, 0x46, 0xc4, 0x88, 0x19, 0xfd, 0xef, 0xb4, 0x67, 0x0c, 0xa9, 0xc4, 0xe3, 0x1c, 0x8f, 0x0e, 0xe0, 0x0b, 0x46,
    0x7f, 0x79, 0xb4, 0x23, 0x5b, 0xd8, 0xfc, 0x8e, 0xa0, 0xda, 0x05, 0xdd, 0x3e, 0x0a, 0xf2, 0x3c, 0xd6, 0xc9, 0x89,
    0x78, 0xc0, 0x28, 0xe5, 0x12, 0x57, 0xdf, 0xda, 0xaa, 0x85, 0xca, 0xc6, 0x34, 0xa7, 0x13, 0xbe, 0x2f, 0x2d, 0x1f,
    0x43, 0x98, 0x79, 0x60, 0xb5, 0xb7, 0x05, 0x6b, 0x42, 0x6f, 0xab, 0x9b, 0xf6, 0xa1, 0xd7, 0x1a, 0xc6, 0xad, 0x5c,
    0x4f, 0x38, 0xb7, 0x1e, 0x44, 0x41, 0xcf, 0xe1, 0x99, 0xae, 0xe7, 0x9d, 0x3d, 0xea, 0x9f, 0x95, 0x6b, 0xa1, 0x41,
    0xff, 0x60, 0x8c, 0xab, 0xae, 0x7e, 0xb5, 0x22, 0x4c, 0x38, 0x4b, 0xbc, 0xd9, 0x08, 0xbf, 0xe6, 0x28, 0x54, 0x12,
    0x87, 0x4f, 0x77, 0x13, 0xde, 0xd1, 0x8d, 0xe0, 0x0d, 0x23, 0xe2, 0x7d, 0xb9, 0x13, 0xa3, 0x23, 0xb7, 0xcb, 0x91,
    0xd4, 0xee, 0x57, 0x6f, 0x6a, 0xfa, 0x55, 0xd7, 0x94, 0xd5, 0x9f, 0xee, 0x9d, 0xbc, 0x49, 0x3c, 0x38, 0x3a, 0x45,
    0xe3, 0x0b, 0x46, 0x47, 0x37, 0x7f, 0xe9, 0x82, 0xfb, 0xfd, 0xca, 0xef, 0xa3, 0x10, 0xf7, 0xf1, 0x73, 0x99, 0x34,
    0x77, 0x7e, 0xc3, 0xc5, 0x7f, 0x2f, 0xe8, 0x6b, 0x8e, 0x18, 0xdb, 0x1d, 0xe1, 0x79, 0xe1, 0x76, 0xdf, 0xdb, 0x40,
    0xb3, 0x1d, 0xba, 0x68, 0xec, 0x61, 0x0a, 0xc3, 0x74, 0xb1, 0x86, 0x8e, 0xf2, 0x2d, 0x39, 0xdd, 0x5d, 0x3e, 0xf6,
    0xca, 0x9e, 0x7a, 0x99, 0x80, 0x8a, 0xda, 0x25, 0x9a, 0xdd, 0xf8, 0x6b, 0xd0, 0xa9, 0xdb, 0xcc, 0x36, 0xed, 0x2a,
    0xbf, 0xfd, 0x99, 0x0d, 0xad, 0x5b, 0xae, 0xfd, 0xef, 0xc1, 0x4d, 0xf9, 0xd8, 0xb6, 0xca, 0x17, 0x6a, 0xcf, 0xcd,
    0x4f, 0x69, 0x12, 0x21, 0xfa, 0x9b, 0xc9, 0xf2, 0x5f, 0x76, 0xf9, 0xfe, 0x5d, 0xfc, 0xd5, 0x34, 0x83, 0xf2, 0xfd,
    0x6a, 0x39, 0x59, 0x5a, 0x5b, 0x7c, 0xea, 0xda, 0xee, 0xd3, 0x17, 0x1f, 0x31, 0xad, 0x36, 0xac, 0x1c, 0xdb, 0x42,
    0x2c, 0xb2, 0x46, 0x0d, 0x4f, 0x59, 0xd7, 0x5e, 0x06, 0xd0, 0x36, 0x70, 0x8b, 0x79, 0xe4, 0x86, 0xcf, 0x35, 0x4f,
    0x36, 0x7b, 0x37, 0xdb, 0xbf, 0x9d, 0x2c, 0x72, 0x7b, 0xb5, 0x64, 0xdd, 0x96, 0x74, 0x17, 0x7f, 0xf2, 0x81, 0xc9,
    0x75, 0x35, 0xb8, 0xb1, 0x8f, 0x06, 0x96, 0x49, 0xea, 0xcf, 0xe1, 0x86, 0xe6, 0x9d, 0xfc, 0x77, 0x86, 0x56, 0x7f,
    0xc2, 0x66, 0xa6, 0x79, 0xc4, 0x2a, 0x77, 0x9b, 0x99, 0x31, 0x71, 0x6c, 0x9f, 0x4c, 0x36, 0xbc, 0x89, 0x1b, 0xc3,
    0xc6, 0x6a, 0xea, 0xff, 0x5f, 0xa0, 0x39, 0xc7, 0xa0, 0x9f, 0xb0, 0x88, 0xfb, 0x00, 0x76, 0xd0, 0x07, 0x92, 0x37,
    0xb2, 0xcd, 0x49, 0xc5, 0xb9, 0x98, 0xe7, 0x5b, 0x77, 0xca, 0x2c, 0x8a, 0x0c, 0x72, 0xa7, 0x6b, 0xfe, 0x8f, 0xea,
    0x57, 0x4b, 0x2f, 0xcb, 0x23, 0x09, 0xfe, 0xd9, 0xee, 0x32, 0xe5, 0x1f, 0xab, 0xed, 0x7e, 0x0e, 0xa9, 0x2b, 0xc4,
    0x60, 0xc6, 0x14, 0x58, 0x90, 0x68, 0x28, 0x33, 0xbb, 0x71, 0xf5, 0x7c, 0x62, 0x94, 0x19, 0x38, 0x84, 0xee, 0xaf,
    0xa3, 0x4b, 0x8f, 0xc1, 0xb6, 0x8f, 0x35, 0xf6, 0xb0, 0x0b, 0x13, 0xd8, 0x97, 0xc7, 0xd7, 0xd1, 0x2d, 0xdc, 0xb3,
    0xb8, 0xfb, 0x9c, 0x45, 0x40, 0x2d, 0x98, 0xd9, 0x89, 0xa4, 0x38, 0x69, 0x20, 0xeb, 0x07, 0x73, 0xc3, 0x6f, 0xef,
    0xda, 0xe5, 0x40, 0x4c, 0x91, 0xb9, 0xb4, 0xda, 0xa2, 0xff, 0x6a, 0x81, 0x1c, 0x77, 0x09, 0xcf, 0x0d, 0x98, 0x90,
    0xd2, 0x2f, 0x93, 0x21, 0x7c, 0xc2, 0x0e, 0xe4, 0x11, 0x23, 0x80, 0xd0, 0x06, 0xfe, 0x6a, 0x4f, 0x3d, 0x76, 0xc0,
    0xe6, 0xbe, 0x0a, 0x3a, 0xfe, 0x01, 0x44, 0x82, 0x68, 0xf4, 0x17, 0xa2, 0x97, 0xca, 0xda, 0x77, 0x85, 0xe6, 0xf1,
    0xd7, 0x66, 0x51, 0x65, 0x4a, 0xe3, 0x3d, 0xac, 0xb5, 0xf0, 0xed, 0x0e, 0x47, 0x3c, 0x68, 0xe1, 0x4a, 0x7f, 0x4d,
    0x55, 0x1e, 0x3a, 0xf1, 0xa8, 0x79, 0xcc, 0xaa, 0xfd, 0x22, 0x55, 0x1b, 0x91, 0x63, 0x56, 0x3a, 0x7a, 0xb5, 0xf2,
    0x02, 0xcb, 0xdf, 0xeb, 0x89, 0xdb, 0x3b, 0x19, 0x86, 0x10, 0xec, 0x18, 0x7d, 0xbe, 0x27, 0xd6, 0x1c, 0x2b, 0x18,
    0xfe, 0xe8, 0x1c, 0x18, 0x8c, 0xa7, 0xe5, 0x9e, 0x8e, 0xf4, 0x46, 0x59, 0xdf, 0x3d, 0x0f, 0xb2, 0x76, 0x51, 0xf2,
    0x5a, 0x0c, 0xd9, 0x5a, 0x37, 0x10, 0x82, 0x54, 0xa3, 0xca, 0x65, 0x2a, 0xf7, 0xdd, 0x67, 0xaa, 0xef, 0x52, 0x46,
    0xde, 0x0f, 0x93, 0xa6, 0xf7, 0x04, 0x75, 0xd3, 0x64, 0x56, 0xbe, 0x8e, 0x04, 0xf2, 0x6b, 0x19, 0xdf, 0x42, 0xce,
    0x0b, 0xf3, 0x36, 0x8d, 0xb7, 0x20, 0x41, 0xa6, 0xa2, 0xc8, 0x6a, 0x50, 0xed, 0x12, 0x80, 0x46, 0xf7, 0x4c, 0xfe,
    0x65, 0x16, 0x55, 0x41, 0x10, 0x15, 0xf5, 0x4f, 0x3f, 0xeb, 0x04, 0x87, 0xaf, 0x3f, 0x33, 0x4d, 0xa6, 0xea, 0x81,
    0x16, 0x35, 0x33, 0x0a, 0xba, 0x3c, 0xaa, 0x4c, 0x97, 0x20, 0x10, 0x8d, 0xa2, 0x33, 0x67, 0xdf, 0xd2, 0xb6, 0xbb,
    0x21, 0xa9, 0xd2, 0xe5, 0xc4, 0x01, 0xd8, 0x60, 0xed, 0x8d, 0xf7, 0xfd, 0xeb, 0xa6, 0x89, 0xab, 0x46, 0xdd, 0xe4,
    0x73, 0x55, 0xb3, 0x6e, 0x2d, 0x86, 0xbe, 0xb5, 0x37, 0xc9, 0x78, 0x45, 0x57, 0x27, 0x9d, 0x08, 0xec, 0x7b, 0x5e,
    0x87, 0xba, 0x6a, 0x4e, 0x86, 0xab, 0x9e, 0x08, 0xae, 0x9d, 0xd9, 0x6d, 0x6e, 0xb2, 0xa8, 0xac, 0x50, 0x30, 0x9e,
    0x4b, 0xa9, 0xcf, 0x88, 0xdc, 0xaf, 0x68, 0x72, 0xe7, 0xb2, 0xba, 0xe6, 0xbc, 0x80, 0x08, 0xe6, 0xe5, 0x08, 0x58,
    0x0a, 0x3e, 0x90, 0x53, 0x61, 0x99, 0xf9, 0x38, 0xcd, 0xdf, 0x6e, 0xba, 0xc8, 0x05, 0x12, 0x87, 0x5f, 0x0b, 0x2a,
    0x59, 0xfb, 0x76, 0x5a, 0xec, 0x30, 0x89, 0xab, 0x05, 0x4b, 0x6a, 0xff, 0xde, 0x3e, 0x03, 0x2a, 0xb7, 0xb9, 0xa7,
    0xf9, 0xcf, 0x45, 0x65, 0x4b, 0xa0, 0xad, 0x9a, 0xf6, 0x63, 0xd2, 0x7e, 0x7c, 0x80, 0x09, 0x69, 0x66, 0x27, 0x64,
    0x64, 0x2f, 0x69, 0x28, 0x35, 0x8c, 0x6c, 0xf2, 0xf7, 0x32, 0x07, 0xe2, 0x65, 0x93, 0x01, 0x08, 0xeb, 0x51, 0x40,
    0xeb, 0xb1, 0xc3, 0xf7, 0xd9, 0x72, 0x82, 0x72, 0xa2, 0x94, 0xd6, 0x0f, 0x8c, 0x95, 0xf9, 0xab, 0xf1, 0x51, 0xc5,
    0xba, 0xe5, 0xa9, 0x83, 0x3a, 0xf3, 0x3c, 0x7f, 0x3a, 0x0e, 0x11, 0x55, 0xbe, 0xa5, 0xa2, 0x80, 0xe3, 0xab, 0xb3,
    0x08, 0xf6, 0x42, 0x14, 0x61, 0x76, 0xbe, 0xba, 0x8a, 0x5a, 0x9c, 0xfb, 0xd8, 0x9d, 0x7b, 0xd3, 0x37, 0x82, 0xcb,
    0x9d, 0x8f, 0xec, 0x19, 0x8c, 0x22, 0xb7, 0x53, 0xac, 0x42, 0xc0, 0x91, 0xc1, 0x79, 0x7c, 0x3d, 0xde, 0x08, 0xf5,
    0xf7, 0x3a, 0x66, 0xc6, 0x59, 0x30, 0xa4, 0xe3, 0xa3, 0x67, 0x84, 0x0d, 0x7d, 0x48, 0xc5, 0x20, 0xfd, 0x30, 0xcc,
    0xfb, 0xd4, 0x9b, 0xc7, 0x51, 0xa8, 0x68, 0x3a, 0x2e, 0x4a, 0xc0, 0xcb, 0x12, 0x5a, 0x5b, 0x24, 0xdb, 0xee, 0x1d,
    0xcc, 0x74, 0xd9, 0x73, 0xb1, 0x15, 0x3a, 0x44, 0x47, 0xbc, 0xa2, 0x6e, 0xd3, 0x54, 0xa6, 0xf0, 0x2c, 0xb6, 0x82,
    0x5c, 0xe6, 0xbc, 0xb3, 0x49, 0xe0, 0xcf, 0xa7, 0xae, 0x21, 0x8f, 0x57, 0xb0, 0xca, 0xf6, 0x01, 0x58, 0x6b, 0xf8,
    0x6e, 0xfa, 0x40, 0xd4, 0x86, 0x51, 0xa6, 0x4e, 0x57, 0x2a, 0x90, 0xfd, 0xc2, 0x56, 0x8c, 0xbd, 0xac, 0x88, 0xf1,
    0xfa, 0x4d, 0x0c, 0x4c, 0xa6, 0x05, 0xbf, 0x27, 0x70, 0xcb, 0xf3, 0x17, 0x04, 0xd6, 0xc2, 0x73, 0x6a, 0x7c, 0x5b,
    0xcc, 0xf1, 0x9e, 0x91, 0xc2, 0xe9, 0xeb, 0x11, 0xa9, 0xbd, 0xa7, 0x78, 0x6a, 0xc2, 0xbd, 0x77, 0xea, 0xdd, 0x7e,
    0xf8, 0xd3, 0x10, 0x34, 0xfd, 0x11, 0x63, 0x62, 0xd9, 0xa2, 0x7d, 0xdd, 0xe7, 0x77, 0x1b, 0x9a, 0xf3, 0x9f, 0x8a,
    0x54, 0x84, 0x44, 0xa1, 0x24, 0xc6, 0x2a, 0x99, 0x2e, 0x1b, 0x54, 0x49, 0xc0, 0xa2, 0x42, 0x8b, 0x05, 0x0c, 0x4c,
    0x94, 0x55, 0xb0, 0x22, 0x55, 0x3d, 0x7b, 0xbd, 0xad, 0x96, 0x1f, 0xcd, 0x17, 0x47, 0xc8, 0x5c, 0x84, 0x6a, 0x83,
    0x7f, 0x84, 0x27, 0x1d, 0x39, 0xba, 0x58, 0x75, 0x80, 0xbc, 0xd4, 0xe2, 0xdc, 0x72, 0xb6, 0x28, 0xa2, 0x4a, 0x87,
    0xce, 0xbd, 0x9b, 0xde, 0x18, 0x7b, 0x39, 0x8a, 0x9f, 0xd5, 0xcc, 0xc6, 0x8b, 0x93, 0x60, 0xce, 0x7d, 0x81, 0x80,
    0xc7, 0x3b, 0x46, 0x6b, 0x83, 0xb3, 0xaa, 0xe1, 0x09, 0xea, 0xe0, 0xfe, 0x67, 0x6f, 0x13, 0xc9, 0x3e, 0x6b, 0xa0,
    0xe2, 0xc6, 0x8e, 0x5e, 0x57, 0xfb, 0x44, 0x4e, 0xa8, 0x15, 0xf2, 0x39, 0xea, 0x9b, 0xf0, 0xd9, 0xbf, 0x3a, 0xd8,
    0x47, 0xd5, 0xba, 0x3d, 0xe6, 0x71, 0x1c, 0xce, 0x66, 0x3e, 0x6b, 0x6e, 0xaa, 0xf6, 0x7e, 0xa5, 0x87, 0xd2, 0x8a,
    0x86, 0x1e, 0x2c, 0xf3, 0x0e, 0x7b, 0x4f, 0x41, 0x90, 0xc3, 0x2a, 0x38, 0xdc, 0x9f, 0xc5, 0x68, 0x0b, 0x2b, 0xa3,
    0xae, 0xcb, 0xda, 0x01, 0xca, 0x66, 0x3a, 0xce, 0xd4, 0x95, 0x44, 0x26, 0xc3, 0xb4, 0x57, 0xef, 0xe2, 0x43, 0xfe,
    0xb8, 0x7d, 0x57, 0xd1, 0x52, 0x1a, 0x5e, 0xee, 0x8f, 0x44, 0x17, 0x02, 0x13, 0x46, 0x74, 0xf9, 0x7e, 0x2b, 0xd5,
    0x5e, 0x8f, 0x94, 0x71, 0xa5, 0x38, 0x9c, 0x0b, 0x03, 0xb4, 0x5e, 0xd3, 0xe8, 0xe2, 0x9f, 0x2c, 0x0c, 0x4b, 0x04,
    0xd1, 0xe2, 0x92, 0x6f, 0x4b, 0x09, 0xef, 0x5e, 0x32, 0x64, 0x57, 0x6c, 0xf0, 0x09, 0x80, 0x0a, 0xf4, 0xce, 0x01,
    0xce, 0xe2, 0x78, 0x01, 0xda, 0x12, 0xd2, 0x60, 0x5e, 0xc9, 0x96, 0x86, 0xa9, 0xab, 0x67, 0x09, 0x50, 0x88, 0x50,
    0xab, 0xdb, 0x58, 0x5b, 0xe3, 0x2c, 0x53, 0x33, 0x80, 0x7c, 0x12, 0xeb, 0x0d, 0xd4, 0x2a, 0xf0, 0xfe, 0xe7, 0x2f,
    0x1f, 0x33, 0x5c, 0x2a, 0x7d, 0x69, 0x1b, 0xa8, 0x84, 0xa8, 0x6c, 0x42, 0x12, 0xe7, 0xb7, 0x10, 0xa7, 0xa3, 0xc1,
    0x5a, 0xaf, 0xf6, 0x6a, 0x91, 0x93, 0xb6, 0x9b, 0x44, 0xf9, 0x4a, 0x51, 0x0e, 0x2c, 0xe0, 0xeb, 0x43, 0x2f, 0xb2,
    0xc2, 0xb6, 0xbe, 0x6f, 0x92, 0x03, 0xbe, 0x8c, 0x0f, 0xd9, 0xc8, 0xd1, 0x45, 0xa9, 0x81, 0x00, 0x5f, 0x91, 0x1c,
    0x19, 0x94, 0xdb, 0xb8, 0xc8, 0xa0, 0x1c, 0x7c, 0x29, 0xee, 0x23, 0x6d, 0x49, 0xa9, 0x03, 0xae, 0x87, 0x29, 0x04,
    0xe8, 0x25, 0x94, 0x49, 0xac, 0x10, 0xe4, 0x91, 0x0c, 0xbe, 0xcd, 0x5c, 0x86, 0xee, 0xd0, 0xbc, 0x0e, 0x13, 0xa9,
    0x3d, 0x89, 0xe8, 0x25, 0xa9, 0x0b, 0xa3, 0x18, 0x46, 0xca, 0x67, 0x39, 0x99, 0x8e, 0x71, 0x2e, 0x11, 0x35, 0x5d,
    0x60, 0x87, 0xf3, 0xda, 0x11, 0x10, 0xa9, 0xf2, 0xcd, 0xd7, 0xd5, 0x6d, 0x5d, 0x99, 0x0d, 0xba, 0x56, 0x38, 0x90,
    0xb2, 0x9f, 0x2b, 0xd2, 0x68, 0xd8, 0x5f, 0x20, 0x46, 0x13, 0x8d, 0x7e, 0xc8, 0x5f, 0x39, 0xc5, 0xf4, 0xa7, 0xf1,
    0xc5, 0xcf, 0xab, 0x0f, 0x0e, 0x94, 0xa7, 0x23, 0x06, 0x8d, 0xf8, 0x2e, 0x55, 0xf4, 0xe1, 0xa6, 0x8d, 0x71, 0xd3,
    0x3c, 0xee, 0x59, 0x2c, 0x10, 0xfb, 0x5f, 0x70, 0x76, 0xb9, 0x93, 0xc7, 0x4b, 0x62, 0x1c, 0x18, 0x3a, 0x71, 0x4f,
    0x89, 0x6f, 0x91, 0xc0, 0x9a, 0x3c, 0x84, 0x22, 0x8d, 0x8e, 0xb0, 0x2f, 0xb4, 0x17, 0x33, 0xf8, 0x0e, 0xc2, 0x4d,
    0xcf, 0xf6, 0x05, 0x52, 0x5f, 0xc9, 0xa4, 0xd0, 0x32, 0x84, 0x15, 0x34, 0x63, 0x29, 0x25, 0x15, 0xf4, 0xb4, 0x4b,
    0xf0, 0xde, 0xe1, 0xc8, 0x20, 0x28, 0x4a, 0x30, 0x81, 0x7a, 0x94, 0x99, 0xdb, 0x63, 0x2f, 0x7e, 0xf9, 0xc5, 0x90,
    0x9a, 0x9f, 0xf1, 0x05, 0x11, 0x99, 0xbc, 0x43, 0xd8, 0x63, 0xee, 0x61, 0x49, 0xe0, 0x13, 0xbb, 0x5e, 0xcf, 0x24,
    0xf6, 0x90, 0x4f, 0xf3, 0x62, 0xd6, 0x79, 0x14, 0x36, 0x7f, 0x04, 0xa5, 0x04, 0xbb, 0x9e, 0xaf, 0xd4, 0x20, 0x66,
    0x0c, 0x16, 0xa4, 0xea, 0x6d, 0x62, 0x77, 0x9e, 0xab, 0x5a, 0x8a, 0xd3, 0x7b, 0x13, 0xc3, 0xa3, 0xba, 0x68, 0xfb,
    0xe0, 0xce, 0x12, 0xc8, 0xb2, 0x56, 0x92, 0x31, 0x78, 0x0b, 0xb5, 0x5f, 0x01, 0x3e, 0x0c, 0xba, 0x99, 0x1e, 0x03,
    0x5b, 0xf1, 0x94, 0xf5, 0xfc, 0x10, 0x31, 0x38, 0x6b, 0xac, 0x41, 0xfb, 0xab, 0x2c, 0x34, 0x9e, 0x61, 0xaa, 0x47,
    0x17, 0x00, 0xae, 0x96, 0xf7, 0x5e, 0xfb, 0xb5, 0x90, 0xb6, 0xe2, 0x48, 0x01, 0x6a, 0xa7, 0x06, 0x8c, 0x31, 0x6b,
    0x74, 0xe4, 0x14, 0x52, 0xac, 0xff, 0x26, 0x12, 0x86, 0x24, 0xb6, 0xc2, 0xf0, 0x29, 0x1e, 0x14, 0xc1, 0x25, 0x6f,
    0x25, 0x33, 0xf4, 0x0c, 0x52, 0x2a, 0xeb, 0xfe, 0x8b, 0x9d, 0xaf, 0x1d, 0x26, 0x2c, 0xdd, 0x5c, 0x50, 0x3d, 0x72,
    0xea, 0xc2, 0x79, 0xe3, 0xe5, 0x0b, 0xfc, 0xda, 0x00, 0x25, 0x45, 0xce, 0xd5, 0x64, 0x52, 0xc0, 0x64, 0x7b, 0xf3,
    0x83, 0xd5, 0x47, 0x0f, 0x7b, 0x80, 0x47, 0x3c, 0x05, 0xcd, 0x1d, 0x2b, 0x1f, 0x94, 0xf4, 0xca, 0xd2, 0x4b, 0x54,
    0x75, 0x58, 0x81, 0xc4, 0x92, 0x15, 0xa4, 0x91, 0x63, 0x74, 0x43, 0x1c, 0x4c, 0xc5, 0xb7, 0x23, 0x40, 0x93, 0x73,
    0x88, 0x4d, 0x59, 0x49, 0x62, 0xde, 0x69, 0x27, 0x83, 0xde, 0x4b, 0x14, 0x0c, 0x97, 0x95, 0xa0, 0xd2, 0x7e, 0xaf,
    0x0f, 0x60, 0xcd, 0x11, 0x7c, 0xac, 0xa0, 0xc5, 0xb4, 0xba, 0x1d, 0xbd, 0xdb, 0x9a, 0x79, 0x08, 0x62, 0x91, 0x6c,
    0xb3, 0xb5, 0x9f, 0x16, 0x27, 0x74, 0x98, 0xec, 0x68, 0x86, 0x2e, 0x54, 0x5a, 0x62, 0xc5, 0x5a, 0x41, 0x7a, 0x3f,
    0xda, 0xa4, 0x65, 0x9d, 0x66, 0x08, 0x77, 0xf6, 0xbf, 0x4e, 0x6c, 0xf4, 0x39, 0x19, 0x2c, 0x58, 0x9d, 0xea, 0x4e,
    0x03, 0x05, 0x23, 0x30, 0x52, 0xc3, 0xfd, 0x8f, 0xdc, 0x09, 0x96, 0x53, 0xd9, 0xd2, 0x83, 0x1c, 0x4a, 0xac, 0x18,
    0xab, 0x08, 0xcc, 0xfe, 0xf9, 0xe0, 0x25, 0x31, 0xe4, 0x32, 0x35, 0xdc, 0x41, 0xee, 0xe9, 0x71, 0x95, 0x14, 0x6d,
    0x6b, 0xa4, 0x0e, 0xcc, 0x7d, 0x02, 0xa9, 0x44, 0x19, 0x7a, 0xf2, 0xb9, 0x4a, 0x4c, 0xd1, 0x4f, 0x73, 0x21, 0x49,
    0xcb, 0x33, 0xfe, 0x06, 0x2e, 0x64, 0xad, 0x13, 0x9c, 0x29, 0x23, 0xa5, 0x69, 0x1d, 0xf7, 0x0c, 0x12, 0xc9, 0xa0,
    0x91, 0xe7, 0x3c, 0xed, 0xc2, 0xf2, 0xbd, 0x49, 0xc4, 0x95, 0x1a, 0x22, 0x46, 0x3f, 0x87, 0x07, 0x94, 0xc7, 0x29,
    0xf9, 0xd7, 0x06, 0x7c, 0x3d, 0xe9, 0xc3, 0xbc, 0xd5, 0x9e, 0x1a, 0x9a, 0x23, 0x50, 0x62, 0x11, 0x09, 0xce, 0x6d,
    0xc9, 0x23, 0x5b, 0x65, 0xd1, 0xcc, 0xbb, 0xca, 0x10, 0x1c, 0x5b, 0x30, 0x9a, 0xc9, 0xd9, 0x11, 0x04, 0x1b, 0xb7,
    0x7b, 0xe9, 0x10, 0x4c, 0x3d, 0x2c, 0x56, 0x35, 0x41, 0x9a, 0x48, 0x7f, 0xd6, 0xf7, 0xcf, 0x96, 0x02, 0x69, 0xf8,
    0xa7, 0xc7, 0x88, 0x2d, 0x16, 0xa9, 0x0c, 0x28, 0xd0, 0x10, 0xaa, 0x23, 0x20, 0x0c, 0xc0, 0x58, 0xb3, 0xe6, 0x54,
    0x35, 0xe0, 0x13, 0xdb, 0xe6, 0xc3, 0x61, 0xad, 0x16, 0x5b, 0xee, 0x03, 0xda, 0x1b, 0xb9, 0x6a, 0x63, 0x84, 0xf4,
    0xfc, 0x53, 0x2d, 0xb8, 0x65, 0xfa, 0x26, 0x75, 0x6e, 0xdf, 0x5e, 0x46, 0x12, 0x1a, 0x0e, 0xbd, 0xf0, 0x1e, 0x5b,
    0x35, 0x9f, 0xb2, 0x68, 0x39, 0x3a, 0xd9, 0x2c, 0x6c, 0xb1, 0x4a, 0x33, 0x82, 0x1d, 0x60, 0xd3, 0x59, 0xeb, 0xca,
    0xe7, 0xc3, 0xa0, 0x13, 0xd2, 0x32, 0x91, 0x8d, 0xa8, 0xe0, 0xc3, 0x8c, 0x04, 0xb5, 0x43, 0xb2, 0x77, 0x38, 0x3b,
    0xcf, 0x15, 0x15, 0x5c, 0xe4, 0x5e, 0x89, 0xeb, 0x92, 0xd0, 0x80, 0x54, 0xa4, 0x03, 0xba, 0xcc, 0x95, 0x2d, 0x78,
    0x39, 0x87, 0x95, 0x2b, 0xc9, 0x35, 0x0d, 0x5e, 0x93, 0x47, 0x4d, 0x7e, 0xdf, 0x22, 0x02, 0x03, 0xd7, 0x61, 0xac,
    0x42, 0x54, 0xf3, 0x89, 0x90, 0x13, 0x79, 0x84, 0x89, 0x9c, 0xa6, 0x1b, 0x21, 0x8f, 0xd9, 0xcf, 0x36, 0xbf, 0x8d,
    0x54, 0xce, 0x4d, 0x43, 0x19, 0x40, 0x94, 0x9a, 0x38, 0x00, 0xf1, 0x73, 0xdb, 0x32, 0x34, 0xe1, 0xef, 0x3d, 0x48,
    0x8d, 0xe8, 0x75, 0x76, 0x06, 0x2c, 0xb7, 0xb5, 0x2c, 0x5a, 0xe5, 0x00, 0xe9, 0xfb, 0xcf, 0x02, 0xc8, 0x68, 0x62,
    0x51, 0x44, 0x6c, 0x59, 0xd5, 0x90, 0x93, 0x41, 0x7c, 0xdc, 0x9e, 0x63, 0x8c, 0x7d, 0x38, 0x88, 0xf2, 0xe9, 0xb9,
    0xda, 0x68, 0x5e, 0x06, 0xa8, 0xcd, 0x1a, 0x66, 0xb7, 0xcf, 0x28, 0x83, 0x3e, 0xca, 0x52, 0xde, 0xb7, 0x8a, 0x6e,
    0x5f, 0x52, 0x0e, 0x48, 0x3e, 0x9c, 0xcd, 0x9d, 0x2f, 0x91, 0x7d, 0xd5, 0x53, 0xb7, 0xf0, 0xa8, 0x93, 0x45, 0x87,
    0xcd, 0x7c, 0x80, 0x41, 0x99, 0xe1, 0x7b, 0x20, 0xad, 0x66, 0x93, 0x65, 0x4b, 0xd9, 0x2a, 0x03, 0xcf, 0x5e, 0xc6,
    0x27, 0x10, 0x61, 0x1e, 0x9b, 0xfc, 0x09, 0x3e, 0xd0, 0xd5, 0x83, 0x96, 0xdb, 0xd1, 0xd9, 0x64, 0xa0, 0x49, 0x43,
    0x97, 0xbd, 0xfd, 0x29, 0x5c, 0x0b, 0xe3, 0x29, 0x38, 0x24, 0xd1, 0xfa, 0xaa, 0xf9, 0x48, 0xcb, 0x68, 0x8f, 0xd7,
    0x19, 0x2a, 0x7d, 0xba, 0xa8, 0x4b, 0x78, 0x78, 0x39, 0x52, 0x9a, 0x50, 0xb3, 0xd4, 0x87, 0xa6, 0x33, 0x65, 0xf8,
    0xfa, 0x51, 0xf3, 0x06, 0x31, 0x9f, 0x86, 0x4d, 0xbd, 0xb0, 0xe5, 0x2f, 0x70, 0x02, 0xbf, 0xf8, 0xec, 0xc1, 0x78,
    0xc7, 0xa7, 0xe7, 0x38, 0x89, 0xc2, 0x52, 0x56, 0x95, 0xbd, 0x16, 0x41, 0x45, 0x6e, 0x82, 0xc1, 0x73, 0x8a, 0xd1,
    0xc5, 0xc8, 0x1f, 0xd4, 0x2d, 0xaa, 0x88, 0x29, 0x8f, 0x03, 0x54, 0xf2, 0xf1, 0xfd, 0x5a, 0xbc, 0xd4, 0x40, 0x1b,
    0xd2, 0x59, 0xce, 0xf0, 0x0d, 0xc7, 0x89, 0x94, 0xbe, 0xe4, 0xb2, 0x57, 0x5a, 0xc8, 0x16, 0x59, 0x44, 0x2b, 0x92,
    0x29, 0x50, 0x01, 0xbb, 0xaa, 0xa2, 0x78, 0x70, 0x42, 0x8c, 0x62, 0x76, 0x63, 0x30, 0xba, 0xe7, 0x1e, 0x72, 0xc6,
    0xd4, 0x41, 0x2e, 0x07, 0x11, 0xa3, 0x39, 0xfc, 0x93, 0x1c, 0x65, 0x61, 0x79, 0x19, 0x7d, 0x44, 0x96, 0xe1, 0x44,
    0x1a, 0x33, 0x68, 0xd4, 0x80, 0xb0, 0x79, 0x67, 0xfa, 0x7a, 0xa1, 0x3a, 0xec, 0x31, 0xdc, 0x75, 0x06, 0x84, 0xaf,
    0x9b, 0x9e, 0xb9, 0x8a, 0x60, 0x87, 0x47, 0xc0, 0xe4, 0xcb, 0x0f, 0x50, 0x4d, 0xcf, 0xfa, 0x37, 0xdf, 0x86, 0xfd,
    0x49, 0xf4, 0x36, 0xf9, 0x79, 0x59, 0xc4, 0x25, 0x9a, 0x4d, 0x86, 0xe3, 0x56, 0xa5, 0x2c, 0x49, 0x62, 0xc3, 0xc2,
    0xde, 0xb1, 0xeb, 0x46, 0x12, 0x15, 0x8b, 0xfe, 0x04, 0xc0, 0x73, 0x14, 0x58, 0xef, 0x33, 0x48, 0x8e, 0x64, 0x55,
    0x2d, 0x53, 0xb0, 0x0f, 0xd6, 0x01, 0x40, 0x3c, 0x79, 0xa5, 0x28, 0xf7, 0xec, 0xc4, 0x85, 0x64, 0x1d, 0x34, 0x70,
    0x24, 0x78, 0x8a, 0xa7, 0xd5, 0xf5, 0x38, 0x70, 0x5f, 0x1e, 0x99, 0x9f, 0x60, 0x95, 0xd0, 0x21, 0x50, 0x08, 0x12,
    0x44, 0xec, 0xc7, 0x6c, 0xe6, 0xc5, 0xde, 0xc1, 0x82, 0x4b, 0xdf, 0xb0, 0x81, 0xfa, 0x28, 0x8b, 0x58, 0x68, 0x39,
    0x8d, 0xb9, 0x50, 0x74, 0x10, 0x31, 0x81, 0xda, 0xe1, 0x08, 0xaa, 0x2a, 0xe3, 0xc3, 0xac, 0xe4, 0x71, 0x20, 0x8d,
    0x08, 0xb3, 0xdd, 0x88, 0xe5, 0xaa, 0x51, 0x15, 0x66, 0x62, 0xc6, 0x80, 0x5a, 0x9a, 0x32, 0xfb, 0xfb, 0xdc, 0xbe,
    0x83, 0xae, 0x77, 0xcc, 0xc3, 0xd6, 0x70, 0xb6, 0xf6, 0x8e, 0xaa, 0xce, 0xd9, 0x6a, 0x36, 0x32, 0xaa, 0x22, 0x2b,
    0xe9, 0x87, 0x93, 0x58, 0x3e, 0x2e, 0x58, 0xa1, 0x99, 0x61, 0xf0, 0x6f, 0x2f, 0x21, 0x60, 0x0d, 0x7e, 0x5a, 0x1b,
    0x78, 0x47, 0x8f, 0xfe, 0xc8, 0xda, 0xa7, 0x33, 0x0a, 0xd6, 0xf4, 0x96, 0x76, 0x1f, 0x78, 0xb2, 0x3c, 0xb7, 0xbe,
    0xb9, 0x2f, 0xda, 0xcc, 0x6a, 0x8e, 0xf2, 0xf7, 0x4e, 0x73, 0xb4, 0x7d, 0x56, 0xf6, 0x82, 0x65, 0xbc, 0x7b, 0xab,
    0x9c, 0x93, 0x0d, 0xbd, 0x7b, 0x77, 0xd9, 0x11, 0x4c, 0xa9, 0x7c, 0xa6, 0x9c, 0x7f, 0xd4, 0x6b, 0xc4, 0x38, 0xbd,
    0xc4, 0xe0, 0x1f, 0xdd, 0x95, 0xd8, 0x35, 0xa4, 0x08, 0xa7, 0xa1, 0xb2, 0x4b, 0x61, 0xb7, 0x1c, 0x76, 0xd8, 0xb9,
    0x75, 0x5c, 0x62, 0x9b, 0x71, 0xa2, 0x8d, 0xfd, 0x82, 0x96, 0x3e, 0x8d, 0x2d, 0x73, 0xee, 0x73, 0x6c, 0xec, 0x59,
    0x35, 0x2d, 0xb6, 0x6b, 0x8f, 0x11, 0x9d, 0xff, 0xd5, 0x6e, 0xed, 0x1f, 0xda, 0x42, 0xbc, 0xf4, 0xd3, 0x25, 0x45,
    0x66, 0xfa, 0x72, 0xbb, 0xa7, 0xe8, 0xe3, 0x0c, 0x95, 0x7d, 0xa3, 0x79, 0x10, 0x8b, 0xcd, 0xd8, 0xa6, 0x1f, 0xb6,
    0xa7, 0x6e, 0xc5, 0x6d, 0xae, 0x73, 0x6b, 0x75, 0x4b, 0xf3, 0x51, 0x2e, 0x87, 0xcb, 0x81, 0x9c, 0x89, 0xb8, 0x01,
    0xc3, 0x5f, 0xa6, 0x64, 0x61, 0x21, 0x9d, 0x81, 0x52, 0xa7, 0xfe, 0x5c, 0x64, 0x9e, 0xc4, 0x81, 0xd6, 0xa4, 0xa9,
    0x09, 0xd0, 0x5b, 0x33, 0x38, 0xb0, 0x7d, 0x64, 0x7e, 0xff, 0xc4, 0xbc, 0x2a, 0x24, 0xe2, 0xbc, 0xe3, 0x6f, 0x8d,
    0x61, 0x68, 0xab, 0x2c, 0x28, 0x5a, 0xef, 0x08, 0xa3, 0xd9, 0x9c, 0x13, 0xea, 0xb0, 0x38, 0x4d, 0xc3, 0xbe, 0x78,
    0x82, 0x00, 0x17, 0x02, 0x57, 0xe6, 0x3d, 0x9a, 0x30, 0x13, 0x4a, 0xe0, 0x3e, 0x06, 0x98, 0x55, 0x8f, 0xdf, 0x76,
    0xbe, 0x32, 0x39, 0x06, 0x43, 0x8a, 0xb4, 0x76, 0xd3, 0x52, 0x4a, 0x3d, 0x55, 0xae, 0xd1, 0xb8, 0x45, 0x3f, 0xb5,
    0xb7, 0xa7, 0xc2, 0xc7, 0xf9, 0x5a, 0xce, 0xdc, 0x05, 0x61, 0xa0, 0xaf, 0x5e, 0xe2, 0x30, 0x34, 0x36, 0x99, 0xe3,
    0xd1, 0x10, 0x45, 0x64, 0x96, 0x4a, 0xd6, 0xea, 0x97, 0xce, 0x9b, 0x33, 0xb1, 0x0c, 0xa4, 0xe4, 0x82, 0x42, 0xd3,
    0x0a, 0x11, 0x2c, 0x85, 0x1c, 0x1f, 0xc9, 0xff, 0xc4, 0x01, 0xb8, 0x70, 0x01, 0x81, 0xb9, 0xb7, 0xc9, 0xa2, 0x48,
    0x33, 0x9e, 0x59, 0x99, 0x31, 0x0b, 0x50, 0x96, 0x78, 0x40, 0xba, 0xbc, 0x75, 0x3c, 0x3d, 0xd2, 0xb1, 0x4d, 0xd2,
    0x69, 0x60, 0xca, 0x76, 0x15, 0x35, 0xfe, 0xcf, 0x9e, 0xcb, 0x51, 0x99, 0x68, 0xc4, 0x89, 0x8a, 0x22, 0x53, 0x70,
    0x30, 0x1c, 0x53, 0x25, 0xd9, 0x2b, 0xff, 0x30, 0xa2, 0x3b, 0x18, 0xc6, 0xa4, 0x7c, 0x53, 0x5b, 0x93, 0x23, 0xd3,
    0xf3, 0x47, 0xd4, 0x99, 0x90, 0xd4, 0x50, 0x5e, 0x7f, 0x9a, 0xcd, 0x0f, 0xcd, 0x9b, 0x08, 0xc7, 0x6c, 0x9c, 0xec,
    0x2a, 0x53, 0xa0, 0xce, 0xc0, 0x53, 0x86, 0xae, 0x2c, 0x29, 0x77, 0xbb, 0x19, 0xa8, 0x28, 0x30, 0xde, 0x24, 0x98,
    0xab, 0xc5, 0x89, 0x94, 0x37, 0x41, 0xea, 0x1c, 0xce, 0xa9, 0x07, 0x4f, 0x3b, 0x96, 0xbd, 0x5e, 0xb0, 0xa5, 0x81,
    0x27, 0xfb, 0x32, 0xac, 0x2f, 0x59, 0x56, 0xcc, 0x56, 0xb9, 0x6f, 0x27, 0x93, 0x37, 0xb1, 0x82, 0xe1, 0x0e, 0x31,
    0xc5, 0x85, 0xa9, 0xe7, 0xff, 0xec, 0xac, 0xff, 0xce, 0x05, 0x87, 0x65, 0xbf, 0x59, 0x83, 0x5d, 0x06, 0xa3, 0x98,
    0xc6, 0xab, 0x57, 0x18, 0x66, 0xd9, 0x60, 0x08, 0x1c, 0x29, 0x80, 0x50, 0x3c, 0x50, 0xb2, 0x38, 0xb7, 0x1f, 0xe8,
    0x11, 0xf7, 0xd3, 0xb7, 0x82, 0x92, 0x40, 0x49, 0x48, 0x7d, 0xfb, 0x36, 0xf7, 0xb2, 0xe7, 0xa3, 0x47, 0xd7, 0xb3,
    0xff, 0x37, 0xd7, 0xaf, 0x62, 0xbb, 0x9b, 0x66, 0xf5, 0xc0, 0x89, 0x36, 0xc0, 0x1f, 0x46, 0xec, 0x5e, 0xf9, 0x9e,
    0xd7, 0x7b, 0x6d, 0xab, 0x3c, 0xe3, 0x5d, 0xa9, 0xb2, 0x3a, 0x28, 0xb3, 0xb6, 0x6d, 0x0e, 0x9c, 0x33, 0xcb, 0x3f,
    0xb9, 0xe1, 0xc3, 0x87, 0xfb, 0x8d, 0x36, 0xfc, 0xe2, 0x7a, 0x67, 0xec, 0x8e, 0x53, 0x27, 0x30, 0x56, 0x1b, 0x83,
    0xef, 0xd0, 0xf9, 0xd3, 0x99, 0x1f, 0x74, 0x4c, 0x13, 0xef, 0xf1, 0x95, 0x2f, 0x1c, 0xc3, 0x4c, 0xdf, 0xe0, 0xa5,
    0x78, 0x76, 0x7b, 0x1a, 0x47, 0x87, 0x20, 0x87, 0x36, 0x99, 0x48, 0x52, 0x5b, 0x93, 0xaa, 0x14, 0x20, 0x56, 0xc8,
    0x12, 0x55, 0x06, 0x82, 0xa1, 0xe3, 0xb6, 0x4a, 0x1b, 0x0b, 0x2f, 0x9e, 0x9e, 0xfe, 0x5c, 0x7d, 0x26, 0x81, 0x6c,
    0x51, 0x5e, 0x8e, 0xf4, 0xc0, 0x01, 0x9b, 0xa4, 0x0f, 0x94, 0x39, 0xd6, 0xd6, 0xc2, 0x81, 0xa7, 0x76, 0x9d, 0xfc,
    0xb0, 0xf8, 0x1a, 0x4b, 0xef, 0xbe, 0x1d, 0x3d, 0xc8, 0xa1, 0xc4, 0xb4, 0x42, 0xc8, 0x79, 0x7f, 0x5f, 0x1c, 0x28,
    0xef, 0x99, 0x59, 0xc4, 0x2d, 0xcb, 0x73, 0xa0, 0xcc, 0xf8, 0x5a, 0x12, 0xc5, 0xcf, 0xb6, 0xd2, 0x9a, 0x29, 0x7e,
    0x7a, 0x49, 0x24, 0x40, 0xf0, 0x0f, 0xed, 0xee, 0xcc, 0xf6, 0xb3, 0xf3, 0xfc, 0x97, 0x30, 0xb3, 0x0f, 0xd3, 0xb7,
    0x5b, 0xe1, 0xa2, 0xe0, 0xe9, 0xe2, 0x87, 0xde, 0xde, 0x93, 0x55, 0xfd, 0xee, 0x85, 0x08, 0x6b, 0xd0, 0xc5, 0x94,
    0xe1, 0xc9, 0x50, 0x0c, 0x0f, 0xa6, 0x4e, 0x7c, 0xbc, 0x1d, 0xfb, 0x5a, 0x09, 0x94, 0x76, 0x07, 0x07, 0x20, 0xc7,
    0x76, 0x48, 0x4d, 0x5f, 0x85, 0xac, 0xf1, 0xa0, 0x17, 0x4d, 0xef, 0x8b, 0x1d, 0x64, 0x4a, 0xef, 0xeb, 0x6f, 0x55,
    0x4b, 0x1e, 0x16, 0x86, 0xa9, 0xf7, 0x5c, 0x77, 0x0d, 0x41, 0x8c, 0x2f, 0x67, 0xad, 0x66, 0x9d, 0xa4, 0x1d, 0xcb,
    0x46, 0x19, 0x11, 0x98, 0x8d, 0x49, 0xf1, 0x00, 0x7c, 0x25, 0x8e, 0x39, 0x7f, 0xbb, 0x78, 0xcd, 0x79, 0xc4, 0x8b,
    0x60, 0x5d, 0x10, 0x6a, 0xc4, 0x71, 0xe9, 0x7a, 0x99, 0xb0, 0x6c, 0x6c, 0x92, 0x47, 0xa2, 0xeb, 0x0e, 0x38, 0xe5,
    0x0b, 0xf8, 0xb2, 0x0e, 0xcd, 0x7d, 0x56, 0x59, 0xf8, 0xcc, 0x63, 0x6d, 0x87, 0x59, 0x55, 0x4a, 0x76, 0xe7, 0xf1,
    0xb1, 0x25, 0x87, 0x8d, 0x7c, 0x17, 0xd5, 0x5e, 0xa0, 0x09, 0x02, 0x07, 0x5a, 0xf5, 0x6c, 0xa2, 0x16, 0xdc, 0xe1,
    0x26, 0xc4, 0x8a, 0xc6, 0x2f, 0x01, 0x2c, 0x9a, 0x00, 0xb5, 0xc6, 0xc9, 0xae, 0xe3, 0x61, 0xaa, 0xa7, 0x1b, 0x73,
    0x7c, 0x23, 0x47, 0x14, 0x2d, 0x92, 0x26, 0x18, 0x70, 0x94, 0x07, 0x26, 0xc9, 0x5a, 0x56, 0xf4, 0x90, 0x3c, 0x1a,
    0x06, 0x4a, 0x0a, 0xa2, 0x76, 0x46, 0x18, 0xf6, 0x4b, 0x25, 0x5e, 0x16, 0x7c, 0xd0, 0xa2, 0x25, 0xce, 0xaf, 0xab,
    0x75, 0x7e, 0x5b, 0x1e, 0x65, 0x12, 0x8d, 0x86, 0x10, 0xbe, 0x85, 0x58, 0x1c, 0xc5, 0x17, 0x2b, 0x1a, 0x39, 0xc3,
    0x64, 0xa4, 0xc7, 0xbc, 0xc2, 0xb8, 0x21, 0x38, 0x7d, 0xfe, 0x4a, 0x17, 0x7e, 0xd5, 0x45, 0xab, 0x9c, 0x08, 0xfb,
    0x8b, 0x12, 0x9b, 0xee, 0x7d, 0x49, 0xa3, 0x7a, 0xdf, 0x4d, 0x88, 0xcc, 0x20, 0x70, 0xd4, 0xb5, 0x0a, 0xdd, 0xf5,
    0x0a, 0x54, 0x2e, 0xea, 0xb6, 0xb8, 0x8b, 0x71, 0x5c, 0x77, 0x7b, 0x16, 0x78, 0x69, 0x0f, 0x0e, 0xda, 0xe6, 0x99,
    0x60, 0xa2, 0x67, 0xff, 0x2c, 0xd9, 0xca, 0x56, 0xa8, 0xa4, 0xea, 0x48, 0x11, 0xaf, 0xa9, 0xd0, 0x18, 0xb8, 0xc2,
    0x44, 0xb7, 0x85, 0x4e, 0xef, 0x32, 0xdd, 0xce, 0x5e, 0xdb, 0x4f, 0x7d, 0x16, 0xc4, 0xf9, 0x88, 0x68, 0xc2, 0x0c,
    0x51, 0x5d, 0x20, 0x81, 0x6b, 0x52, 0x74, 0x88, 0xd3, 0x54, 0xb0, 0xa7, 0xcc, 0xe3, 0xc0, 0xc9, 0x2a, 0x83, 0xa5,
    0x69, 0x04, 0x51, 0xf7, 0xb9, 0xfb, 0xde, 0x1a, 0xad, 0x5c, 0x14, 0x18, 0xb8, 0xf3, 0x19, 0x88, 0x9a, 0x45, 0xe8,
    0xc9, 0x12, 0xd3, 0x7d, 0xb4, 0x76, 0x46, 0x8f, 0xa7, 0xf5, 0xb7, 0xc9, 0x76, 0x68, 0x46, 0xeb, 0x38, 0x56, 0x37,
    0xf4, 0xfd, 0x47, 0x07, 0x4e, 0x7d, 0x68, 0xe2, 0x64, 0x96, 0x3a, 0xf3, 0x12, 0x74, 0xe7, 0x9a, 0xe4, 0x08, 0x89,
    0x26, 0x8a, 0x94, 0x04, 0x27, 0x5a, 0xa0, 0xd2, 0x33, 0x20, 0xc0, 0x08, 0xf5, 0x97, 0x3a, 0xe3, 0xb5, 0x2e, 0x8e,
    0x7e, 0x1e, 0x32, 0x70, 0xe9, 0xc0, 0x42, 0xa9, 0x2a, 0x2a, 0x0a, 0x18, 0xee, 0x70, 0x1e, 0xfc, 0x8f, 0xac, 0x44,
    0x92, 0x8a, 0xd6, 0x2a, 0x21, 0xc7, 0x10, 0xb9, 0x60, 0x8c, 0x21, 0xd9, 0xa7, 0x88, 0x13, 0x45, 0x15, 0x6e, 0x63,
    0x93, 0x80, 0x46, 0xbc, 0x8a, 0x50, 0xc2, 0x5c, 0x57, 0x01, 0x32, 0xc0, 0x95, 0xd8, 0x8b, 0xfa, 0xdf, 0x91, 0x23,
    0xc3, 0x28, 0xb6, 0x21, 0x35, 0xb5, 0xca, 0xeb, 0xbc, 0x0b, 0x74, 0x70, 0x72, 0x73, 0x56, 0xe4, 0xa3, 0xc9, 0x70,
    0x20, 0xdf, 0x28, 0xc1, 0xf3, 0xe2, 0x7b, 0x04, 0x4d, 0x90, 0x52, 0xa8, 0x73, 0x46, 0xbe, 0x31, 0x42, 0x5e, 0xca,
    0x05, 0x0e, 0x5a, 0x41, 0xed, 0xce, 0x06, 0x03, 0xc7, 0x48, 0xb4, 0x63, 0xcf, 0x73, 0x5d, 0x92, 0xd1, 0x3c, 0x0e,
    0xc2, 0xda, 0x91, 0xb4, 0xca, 0x88, 0x13, 0x9e, 0x5a, 0xee, 0x64, 0xd3, 0x42, 0xff, 0x09, 0xc4, 0x8a, 0xbd, 0x54,
    0x1c, 0xc5, 0xa3, 0xef, 0x70, 0xbc, 0x1c, 0x7e, 0x1f, 0x44, 0xb9, 0xb7, 0x5b, 0xb1, 0xbb, 0xd5, 0xdb, 0x6a, 0x41,
    0xde, 0x5a, 0xd6, 0x55, 0xc8, 0xf0, 0x7c, 0x0f, 0x55, 0xdf, 0x49, 0xb5, 0x6f, 0x00, 0xf0, 0x39, 0xfc, 0xcc, 0x7c,
    0x96, 0x8e, 0xb7, 0xbb, 0xd8, 0x53, 0x7f, 0x15, 0xfb, 0xe7, 0xee, 0xcb, 0xe2, 0x55, 0xc6, 0xe8, 0xb5, 0xed, 0x8b,
    0x02, 0xf2, 0x5a, 0xc3, 0xcb, 0xf8, 0x4d, 0x97, 0xf3, 0xba, 0xea, 0xef, 0xd9, 0x1c, 0x05, 0x2f, 0xe8, 0x3e, 0x37,
    0x55, 0x39, 0x9f, 0xc9, 0xd3, 0xdc, 0x02, 0x35, 0x72, 0x1b, 0x68, 0x35, 0xb1, 0x1b, 0x92, 0xee, 0x8a, 0xae, 0x0b,
    0x38, 0x03, 0x7e, 0x4f, 0xad, 0x90, 0x51, 0x3d, 0x96, 0x96, 0x0a, 0xa9, 0x1f, 0x50, 0x0f, 0xb5, 0x57, 0x85, 0x2c,
    0x07, 0x1e, 0x24, 0xab, 0x25, 0x2c, 0xe1, 0xa4, 0x5c, 0x04, 0x48, 0x32, 0x6c, 0x96, 0xa1, 0x40, 0xbd, 0x19, 0x59,
    0x43, 0x41, 0x5d, 0x59, 0x03, 0x30, 0x57, 0x99, 0x09, 0x94, 0x29, 0x52, 0x5e, 0x95, 0x4a, 0x41, 0x82, 0xe6, 0x41,
    0x4b, 0x84, 0xde, 0xb5, 0xbc, 0xe2, 0xc2, 0x79, 0x98, 0x4d, 0xab, 0x06, 0x08, 0x3f, 0x76, 0xd0, 0x63, 0xf3, 0x20,
    0x55, 0xa5, 0x76, 0x72, 0xda, 0x87, 0x7f, 0x0b, 0x77, 0x4b, 0x0b, 0x6f, 0x45, 0x7e, 0xb9, 0x7d, 0x6e, 0xe1, 0x99,
    0xb4, 0xb8, 0x9e, 0xeb, 0xe9, 0xc5, 0x11, 0x44, 0xb4, 0xdb, 0x2e, 0x8d, 0x4f, 0x2f, 0x3d, 0xbd, 0x70, 0x5d, 0x9d,
    0x43, 0x4a, 0xa4, 0xb8, 0x8d, 0xd3, 0x07, 0xad, 0xde, 0x06, 0xd9, 0x6f, 0x77, 0xf9, 0x69, 0x95, 0x7c, 0x7e, 0x13,
    0xab, 0xff, 0xa5, 0xdf, 0x15, 0x47, 0x5b, 0x6d, 0x48, 0xa3, 0xae, 0xbb, 0xe0, 0xa7, 0x5b, 0xe0, 0x49, 0xe5, 0x66,
    0xf6, 0xf8, 0x2f, 0xac, 0x05, 0x8a, 0x1b, 0x6e, 0xb3, 0x8f, 0x06, 0x9e, 0xa6, 0x58, 0xbd, 0x6b, 0x9c, 0x5a, 0x41,
    0x43, 0x22, 0x5f, 0xc1, 0xb2, 0xbb, 0x17, 0x25, 0x85, 0x2d, 0xa3, 0x0a, 0x80, 0x64, 0xab, 0x66, 0x63, 0x75, 0xbc,
    0xd4, 0x39, 0x58, 0xfb, 0xca, 0x0b, 0x11, 0x3c, 0xfb, 0xa1, 0xb7, 0x2c, 0x96, 0xaf, 0x46, 0xe8, 0x97, 0x3f, 0x36,
    0xf3, 0xd2, 0xec, 0x69, 0x18, 0x83, 0xde, 0xc5, 0x16, 0xcf, 0x9c, 0xc9, 0x0b, 0xd0, 0x3f, 0xb1, 0xae, 0xec, 0xd8,
    0x4d, 0xa3, 0x0b, 0x93, 0x0e, 0xdc, 0x92, 0xa1, 0x88, 0x5d, 0x96, 0x6d, 0x13, 0x9f, 0xe7, 0x95, 0x6f, 0xd4, 0xcc,
    0x78, 0xa6, 0xf1, 0xe9, 0x5b, 0xf9, 0xd6, 0xcb, 0xe4, 0xf4, 0x71, 0x27, 0xea, 0x98, 0x40, 0x64, 0x12, 0x4d, 0x4e,
    0x50, 0x7f, 0x54, 0x7c, 0xdc, 0x13, 0x8e, 0x55, 0x48, 0x08, 0x6c, 0x6f, 0x3e, 0x7b, 0x13, 0xac, 0x7d, 0x56, 0xb3,
    0x90, 0xfd, 0xab, 0xac, 0x8c, 0x8f, 0x71, 0x67, 0xf5, 0xd1, 0xca, 0x4b, 0x87, 0x20, 0xca, 0xd5, 0x5b, 0xea, 0xda,
    0x63, 0x75, 0xdc, 0xaf, 0xf1, 0xe7, 0x8c, 0xfd, 0x2e, 0x75, 0xe1, 0x20, 0x52, 0x72, 0xd4, 0x6c, 0x24, 0x60, 0x2a,
    0x7a, 0x44, 0xa4, 0x2b, 0xe2, 0x03, 0xa4, 0x3d, 0xed, 0xbd, 0x14, 0xf5, 0x09, 0xb5, 0xf3, 0x59, 0x98, 0x85, 0x4d,
    0xed, 0x56, 0x0c, 0x83, 0x53, 0xda, 0x72, 0x6b, 0xf8, 0xd2, 0x99, 0x74, 0x9a, 0x8a, 0xd4, 0xa5, 0xa3, 0x2a, 0xaa,
    0x17, 0xbb, 0x02, 0x17, 0xe1, 0x24, 0x08, 0xf2, 0xf5, 0xab, 0x3f, 0x20, 0xa5, 0x53, 0x41, 0x9d, 0x05, 0x91, 0x49,
    0x7a, 0xf8, 0x48, 0x91, 0x50, 0x99, 0xb1, 0x4f, 0x0b, 0x23, 0x8e, 0x91, 0xa4, 0x2f, 0x14, 0x66, 0xd9, 0x7a, 0x50,
    0x4f, 0x94, 0xb0, 0xc6, 0xc8, 0x16, 0xa7, 0xaa, 0xaf, 0xb4, 0x2c, 0x51, 0xcc, 0x76, 0xed, 0xfc, 0x59, 0x5a, 0xd3,
    0xd8, 0x2e, 0x5a, 0x27, 0x99, 0xdf, 0x73, 0x0a, 0x79, 0x0d, 0xc7, 0xc7, 0x61, 0xd9, 0xeb, 0xf8, 0x61, 0xc0, 0x89,
    0x21, 0xc1, 0x8c, 0x6f, 0x0e, 0x4d, 0x99, 0x21, 0x22, 0xfd, 0x2c, 0xf8, 0x45, 0xc7, 0x0e, 0x40, 0x3a, 0x27, 0xb3,
    0x24, 0x59, 0xe5, 0xce, 0x50, 0x61, 0xe1, 0x15, 0x87, 0x45, 0xbb, 0xe8, 0xd3, 0xa5, 0xed, 0x36, 0x3c, 0x37, 0x2b,
    0x17, 0x09, 0xae, 0x00, 0x1e, 0xda, 0x74, 0x52, 0xf5, 0xba, 0xe8, 0xe6, 0x41, 0xb6, 0x99, 0x5b, 0x0f, 0x14, 0x0d,
    0x3e, 0x54, 0xec, 0xc9, 0x92, 0x4d, 0xa8, 0x64, 0xc9, 0x06, 0xd5, 0x8d, 0x64, 0x10, 0x82, 0x88, 0x45, 0xcb, 0xd8,
    0x9e, 0xa6, 0x67, 0x08, 0xa5, 0x45, 0x9c, 0x0f, 0x05, 0x7f, 0xb4, 0x16, 0xec, 0xeb, 0x81, 0xc5, 0xa6, 0xbb, 0x95,
    0x74, 0x9f, 0xe3, 0x8e, 0x66, 0x69, 0x3e, 0xf5, 0x79, 0x48, 0x2d, 0x98, 0x6b, 0x74, 0x15, 0x6d, 0x72, 0x8f, 0x7b,
    0x92, 0x26, 0x72, 0xa4, 0x4d, 0x26, 0x77, 0x08, 0x06, 0xa5, 0x81, 0xe1, 0x57, 0xc6, 0x57, 0xc5, 0x1b, 0xf0, 0x4e,
    0x82, 0xe7, 0x2b, 0xe1, 0x3e, 0x27, 0x52, 0x77, 0x5b, 0x99, 0x3f, 0x1e, 0xe1, 0x0c, 0x1e, 0x7f, 0xac, 0x42, 0x4c,
    0x3b, 0xa6, 0xfb, 0xde, 0xec, 0x78, 0xde, 0x2f, 0x67, 0x47, 0x48, 0x2e, 0x49, 0x14, 0x47, 0x9e, 0xfc, 0x6b, 0x4a,
    0xaf, 0x88, 0xd2, 0x26, 0x59, 0xc4, 0x8c, 0xe7, 0x3b, 0x89, 0x5c, 0x8d, 0x3b, 0xf4, 0x0e, 0x71, 0x0d, 0x0d, 0xa2,
    0x17, 0xdb, 0x6a, 0xab, 0x33, 0x93, 0x2b, 0x02, 0xf7, 0x4d, 0xe3, 0xc9, 0x0c, 0xe3, 0x65, 0xe8, 0x82, 0xfe, 0x34,
    0x6a, 0x93, 0xcf, 0x88, 0x50, 0xaa, 0xbc, 0x95, 0xbe, 0x10, 0x14, 0x50, 0x66, 0x84, 0x50, 0x41, 0x45, 0x8c, 0xb0,
    0x0f, 0x9e, 0x83, 0x88, 0x98, 0x66, 0xc1, 0x9c, 0xa2, 0xe8, 0x47, 0xfa, 0x0e, 0xc6, 0x77, 0x6a, 0xa3, 0xbc, 0x41,
    0x27, 0xc4, 0x05, 0x73, 0x88, 0x98, 0xb1, 0xf3, 0xc9, 0xec, 0x34, 0xa5, 0x0b, 0x93, 0xc5, 0xe4, 0xfc, 0x36, 0x96,
    0x28, 0xef, 0xfc, 0x1b, 0x29, 0xe7, 0x92, 0x6d, 0xa8, 0xc5, 0xa7, 0x6a, 0x52, 0x99, 0x45, 0xcb, 0x6d, 0x5d, 0xc1,
    0x63, 0x36, 0x94, 0x79, 0xc9, 0x55, 0x83, 0x75, 0xe5, 0xd7, 0x57, 0x97, 0xd4, 0xa6, 0xb2, 0x0f, 0x10, 0x96, 0x3b,
    0x5b, 0x39, 0xfd, 0x0c, 0x41, 0x2a, 0xcf, 0x4f, 0xed, 0xd7, 0xa7, 0x92, 0xe4, 0x85, 0xbd, 0xf5, 0x67, 0xd3, 0xfa,
    0x57, 0x6f, 0xf9, 0x22, 0x94, 0x1f, 0x04, 0xaf, 0x0d, 0xaa, 0x0a, 0xca, 0x63, 0x9d, 0x66, 0xe6, 0xfd, 0x92, 0x25,
    0x92, 0x15, 0x85, 0xdc, 0x56, 0x8f, 0x4e, 0xb0, 0x7e, 0xbc, 0x10, 0x8a, 0x79, 0x97, 0x63, 0x8b, 0xa8, 0xc7, 0x9e,
    0x51, 0x54, 0xdb, 0x59, 0x1b, 0x87, 0x82, 0x42, 0xad, 0xec, 0x62, 0xfc, 0x39, 0x0e, 0x0d, 0x4f, 0xbb, 0x72, 0x02,
    0xa2, 0x18, 0x74, 0x7b, 0x51, 0x7a, 0xbf, 0x23, 0x19, 0x93, 0x7c, 0xde, 0xce, 0x13, 0x9f, 0x88, 0x56, 0x31, 0x85,
    0x5d, 0xa5, 0x05, 0x3f, 0x07, 0x0f, 0x7d, 0xeb, 0xba, 0x75, 0xe8, 0x77, 0x63, 0x74, 0xd7, 0x6d, 0x27, 0xbe, 0x6e,
    0x04, 0xd9, 0xd8, 0x0b, 0xb9, 0xd4, 0xe5, 0x31, 0x15, 0x15, 0x04, 0xd6, 0x36, 0x86, 0xc7, 0x6b, 0xbd, 0x46, 0xc9,
    0x1f, 0xd8, 0x33, 0xc3, 0x46, 0x21, 0x97, 0xbe, 0x20, 0x9e, 0xa4, 0x48, 0x56, 0xc4, 0x3b, 0xa6, 0x7c, 0x1b, 0xaa,
    0xe5, 0x62, 0xc5, 0xd3, 0xf8, 0x07, 0xbb, 0x4c, 0x97, 0x8d, 0xd1, 0x24, 0x24, 0x3b, 0xb4, 0xc4, 0xc7, 0xec, 0x42,
    0x90, 0x90, 0x63, 0xf9, 0x1e, 0xa0, 0x00, 0x21, 0x79, 0x7a, 0x76, 0x1a, 0x01, 0xb5, 0xde, 0x62, 0xc5, 0x71, 0xe0,
    0x42, 0x77, 0xe5, 0xbf, 0xb4, 0x65, 0xe0, 0x16, 0x95, 0xb8, 0x41, 0x2d, 0x35, 0xee, 0x1b, 0xb4, 0xdb, 0xae, 0x6b,
    0x3f, 0x79, 0x13, 0xb3, 0x7c, 0x3b, 0x72, 0x5d, 0x82, 0xf4, 0x81, 0x77, 0x0f, 0x7e, 0xdb, 0xed, 0x81, 0x61, 0xd1,
    0x1e, 0x5c, 0xa0, 0x56, 0xbc, 0x23, 0xb0, 0xc3, 0x86, 0x94, 0x80, 0xad, 0x1b, 0x35, 0x2a, 0x77, 0xef, 0x46, 0xd0,
    0x20, 0xb9, 0x72, 0xcb, 0x79, 0xca, 0x2f, 0xc5, 0x9e, 0x0b, 0x66, 0xaa, 0x5e, 0xa7, 0x6d, 0x74, 0x80, 0xa7, 0x8e,
    0x0c, 0x45, 0xea, 0xce, 0x8d, 0x8e, 0x11, 0x52, 0x21, 0x52, 0xb3, 0xa8, 0xb8, 0xdf, 0xf9, 0x25, 0x8a, 0x36, 0x74,
    0x6f, 0x08, 0x79, 0x61, 0xab, 0xbe, 0x68, 0x59, 0x99, 0xb5, 0xce, 0x2f, 0x94, 0x1d, 0xa1, 0xa5, 0xa5, 0xe0, 0xc3,
    0xc6, 0xca, 0xa0, 0x11, 0x2e, 0x6d, 0x1a, 0x1b, 0x48, 0xd0, 0x79, 0x24, 0x82, 0xd5, 0x4c, 0x04, 0x74, 0x65, 0x57,
    0x3c, 0xfc, 0x35, 0xb3, 0xd5, 0x96, 0x5c, 0xda, 0x35, 0x4f, 0x95, 0x4e, 0x20, 0xe8, 0x59, 0xef, 0x5c, 0x58, 0x5f,
    0x97, 0x3e, 0x66, 0x35, 0x69, 0x52, 0xed, 0x5e, 0xb2, 0x53, 0x75, 0xe8, 0xbc, 0xe5, 0x6a, 0x71, 0xab, 0x47, 0xd2,
    0x9e, 0x09, 0x96, 0xd3, 0xdf, 0xfa, 0xc1, 0x85, 0xe9, 0x14, 0x1e, 0xe6, 0x36, 0xd5, 0xe6, 0x26, 0x50, 0x79, 0x4d,
    0xc9, 0xfb, 0xe9, 0xf5, 0x75, 0x73, 0x18, 0xa3, 0x1f, 0xc4, 0x02, 0xd0, 0x07, 0x97, 0xcb, 0xca, 0x7d, 0xa7, 0x98,
    0x0c, 0xc5, 0x3d, 0xf9, 0x2d, 0xff, 0x6f, 0x01, 0xe6, 0xc2, 0xc6, 0xc5, 0x8b, 0x65, 0x4f, 0x5c, 0x3b, 0x5d, 0xbc,
    0x64, 0x15, 0xf0, 0xed, 0x75, 0x12, 0x10, 0x39, 0x13, 0x02, 0xcd, 0xb8, 0x3f, 0x48, 0xc3, 0x5d, 0xf2, 0xf6, 0x79,
    0x01, 0x1c, 0x85, 0xad, 0xf0, 0x4d, 0x0c, 0xee, 0xde, 0xed, 0x83, 0xaf, 0x2c, 0xa5, 0xca, 0x2e, 0xc5, 0xf2, 0x40,
    0xe1, 0xd8, 0xcd, 0x20, 0x30, 0x1a, 0x68, 0x32, 0x1f, 0x88, 0xb1, 0x20, 0xc3, 0xd3, 0x8f, 0xf1, 0x9d, 0x52, 0xe5,
    0x16, 0x45, 0x4f, 0xc6, 0x9e, 0xc6, 0x1b, 0x38, 0x01, 0x62, 0x35, 0x68, 0xc9, 0x6f, 0x80, 0x82, 0x59, 0xf8, 0xb0,
    0x00, 0xce, 0xc8, 0x87, 0x38, 0x5c, 0xe9, 0x36, 0xd1, 0x81, 0x73, 0x0d, 0x00, 0xb5, 0xcf, 0xdf, 0x74, 0x0a, 0xc9,
    0x8f, 0xf1, 0xbb, 0x33, 0x7b, 0x87, 0x63, 0x3d, 0x3b, 0xe2, 0x43, 0xbe, 0x8a, 0x9e, 0x64, 0xc1, 0x38, 0x19, 0xc7,
    0xde, 0x23, 0x38, 0xd5, 0x90, 0x0a, 0xe8, 0x13, 0xf7, 0x2b, 0xab, 0xf7, 0xfa, 0x18, 0xfa, 0x7f, 0xb7, 0x0f, 0xfa,
    0xa3, 0xff, 0x2f, 0xdb, 0x8b, 0x1e, 0x19, 0x05, 0x74, 0xd7, 0xe7, 0xfa, 0xd7, 0x41, 0xea, 0x26, 0x48, 0xe8, 0x94,
    0xdb, 0xdf, 0xfe, 0xdf, 0x1a, 0x4c, 0x92, 0x8a, 0x6a, 0x91, 0x31, 0x89, 0xbd, 0x93, 0x34, 0xf8, 0xcf, 0xa3, 0x6a,
    0x6b, 0x80, 0x04, 0x35, 0x53, 0x3e, 0x2f, 0x31, 0xff, 0x1d, 0xaf, 0xed, 0xce, 0xc8, 0x4e, 0xd7, 0x73, 0xff, 0xeb,
    0xe4, 0x89, 0x4e, 0xa7, 0xe5, 0xc6, 0xb3, 0x6e, 0x2d, 0x33, 0xc0, 0x5f, 0xc4, 0xc0, 0xdf, 0x6c, 0x5d, 0xd2, 0x00,
    0x0e, 0xc8, 0x1c, 0xc2, 0x89, 0x51, 0xbc, 0xda, 0x70, 0xba, 0xf5, 0x15, 0x54, 0xbd, 0x2a, 0x29, 0xd1, 0xd5, 0xce,
    0xab, 0xa6, 0x59, 0xa0, 0x3c, 0x38, 0xf6, 0xa5, 0x4b, 0x0c, 0x43, 0x47, 0x0b, 0x04, 0xf5, 0x28, 0xf1, 0x0c, 0xa0,
    0x0f, 0x4b, 0xc7, 0xfa, 0xeb, 0x76, 0x41, 0x9e, 0x2e, 0x3b, 0x79, 0x21, 0xd7, 0xdc, 0x37, 0xd4, 0x71, 0xde, 0x70,
    0x33, 0x6e, 0x5e, 0x33, 0x40, 0xc5, 0x2f, 0x39, 0xd8, 0xe8, 0xb9, 0x97, 0xce, 0xc7, 0xf7, 0x87, 0x22, 0xec, 0xd8,
    0x31, 0x84, 0x86, 0xcb, 0xfc, 0xde, 0x2d, 0xfd, 0xb6, 0x51, 0x95, 0x0f, 0xd3, 0xe5, 0x1e, 0x4d, 0xb4, 0xfc, 0xd2,
    0xa4, 0x92, 0xaf, 0x9e, 0x1d, 0xf7, 0xda, 0xf2, 0x31, 0x5b, 0x5d, 0x54, 0xcd, 0x8e, 0x23, 0x8e, 0xba, 0x33, 0x9f,
    0xe5, 0xb5, 0xf0, 0x5b, 0x30, 0x51, 0x7e, 0x66, 0x10, 0xdb, 0x61, 0x41, 0xb5, 0xb8, 0x4a, 0xb7, 0x23, 0xb8, 0x84,
    0xc3, 0xff, 0x82, 0xd7, 0xe1, 0x71, 0xd5, 0x1b, 0x2e, 0x8c, 0x6b, 0xb4, 0x5e, 0x41, 0xf5, 0x53, 0x19, 0x89, 0x78,
    0x75, 0x17, 0x6c, 0x5a, 0xab, 0x8e, 0xcb, 0xec, 0x72, 0xaa, 0x1f, 0x91, 0x2e, 0xc6, 0x79, 0x55, 0xbc, 0xe4, 0x4a,
    0x3e, 0xa3, 0x08, 0x85, 0xb4, 0x7f, 0xb9, 0xcf, 0x63, 0x05, 0x64, 0x51, 0x81, 0xf5, 0xb5, 0x5c, 0x31, 0x2c, 0xb5,
    0x74, 0xba, 0x78, 0xd8, 0xfd, 0xe0, 0x8f, 0x68, 0xd9, 0x8f, 0x3f, 0x30, 0x9b, 0x9e, 0xff, 0xb5, 0x21, 0x12, 0x68,
    0xe4, 0x33, 0x38, 0x3a, 0x70, 0xfd, 0xa2, 0x32, 0xf6, 0xd9, 0xbc, 0xad, 0x15, 0xc6, 0x33, 0xb5, 0x3f, 0x46, 0x02,
    0x22, 0xf9, 0x35, 0x3b, 0xe6, 0x8c, 0x4b, 0x8c, 0xb4, 0x29, 0x79, 0x2d, 0x80, 0xe2, 0x8b, 0x69, 0x9e, 0xa7, 0xdd,
    0xda, 0x26, 0x83, 0x0c, 0x1c, 0x79, 0x3e, 0xc7, 0xcd, 0x78, 0xb2, 0xe1, 0x24, 0x48, 0xb9, 0x39, 0xb9, 0x64, 0xbd,
    0x8a, 0xe3, 0xd1, 0x84, 0x97, 0xb7, 0xe1, 0xd1, 0x07, 0xab, 0x12, 0x4d, 0x96, 0x20, 0x44, 0x7a, 0xf2, 0x59, 0x7c,
    0x99, 0x4f, 0x86, 0x79, 0xf3, 0x9d, 0xc9, 0x7f, 0xab, 0x47, 0x9f, 0xce, 0x58, 0x99, 0x4f, 0x11, 0xae, 0xd7, 0x7f,
    0x98, 0x5b, 0x16, 0x06, 0x3e, 0xd7, 0x67, 0x55, 0x44, 0x3a, 0xe9, 0xc3, 0x64, 0xf7, 0xfb, 0xb2, 0x23, 0x5c, 0x9d,
    0xdc, 0x39, 0x41, 0x92, 0x7c, 0xc8, 0xf6, 0x0c, 0x09, 0xc9, 0x18, 0xbc, 0x73, 0x30, 0x04, 0xad, 0x35, 0xd9, 0xe2,
    0xc4, 0x7b, 0x79, 0x77, 0xbe, 0x5f, 0xf6, 0x71, 0xef, 0x4b, 0xb5, 0xa5, 0x40, 0x52, 0xe4, 0x46, 0x9d, 0xd6, 0xf6,
    0x47, 0x68, 0x6d, 0xd5, 0x0c, 0x39, 0x1d, 0x7d, 0x71, 0x6d, 0xd3, 0x68, 0xed, 0xb9, 0x88, 0x10, 0x3f, 0x4a, 0xd1,
    0x74, 0xca, 0x19, 0x6c, 0xf3, 0x88, 0x22, 0x38, 0x06, 0x1c, 0xf6, 0x9c, 0x4e, 0xc4, 0x08, 0xc8, 0xe2, 0x83, 0x71,
    0x25, 0x9e, 0x86, 0xa2, 0x8a, 0x36, 0x1d, 0xc2, 0x68, 0x4e, 0xb3, 0x42, 0xa3, 0x47, 0x42, 0x8c, 0xa5, 0x76, 0x9c,
    0x31, 0x04, 0x76, 0x72, 0xf4, 0x36, 0x27, 0x24, 0x52, 0x3e, 0x50, 0x40, 0x8e, 0x11, 0x19, 0x0c, 0x8c, 0x81, 0x46,
    0xee, 0xe6, 0x76, 0x21, 0xc2, 0x86, 0x34, 0xa4, 0x9b, 0x9b, 0x1f, 0x3e, 0xe6, 0x56, 0x19, 0x99, 0x25, 0x4a, 0x40,
    0xdc, 0x7e, 0xca, 0x0d, 0x47, 0x3e, 0xbc, 0x62, 0xd8, 0x7e, 0xbb, 0xba, 0xcf, 0x83, 0x6c, 0xde, 0xa7, 0x26, 0x8c,
    0xe8, 0xb0, 0x12, 0x45, 0xa1, 0x4f, 0x38, 0xc0, 0xf5, 0x5b, 0xbd, 0x59, 0x59, 0x11, 0x2c, 0x52, 0x99, 0xc9, 0xe8,
    0x29, 0xdd, 0x46, 0x9b, 0x88, 0x96, 0x5e, 0x44, 0x3a, 0xff, 0x86, 0xa3, 0x1b, 0xe6, 0xfc, 0xf5, 0x1e, 0x39, 0x7a,
    0xe5, 0x3b, 0x92, 0x1e, 0x35, 0x06, 0xa5, 0x80, 0x80, 0x8e, 0xea, 0xca, 0xc9, 0xd8, 0x78, 0xa5, 0x8e, 0xac, 0x3f,
    0xfd, 0xcb, 0x3d, 0xf0, 0x58, 0x09, 0xdf, 0x50, 0xa5, 0xeb, 0xe9, 0x35, 0x2a, 0xd4, 0x2c, 0x1d, 0x37, 0xb6, 0x9c,
    0x88, 0xbf, 0x54, 0xac, 0xfe, 0x63, 0x04, 0x70, 0x46, 0x76, 0x61, 0x6b, 0xcb, 0x3c, 0x58, 0x37, 0x3e, 0x67, 0x07,
    0x59, 0x2b, 0xb0, 0x84, 0xe3, 0x73, 0x72, 0x17, 0x34, 0xa4, 0x10, 0xab, 0x25, 0xa6, 0x6a, 0x7a, 0x89, 0x44, 0x59,
    0xb1, 0x65, 0x9f, 0x3f, 0x70, 0x2a, 0x23, 0x49, 0xaa, 0xdb, 0x69, 0x49, 0x6c, 0x26, 0x22, 0xdf, 0x92, 0x35, 0x9f,
    0xb1, 0x13, 0x44, 0xc7, 0xb8, 0x19, 0x82, 0x81, 0xfa, 0xbb, 0x27, 0xcb, 0x97, 0xe4, 0x90, 0xca, 0x6b, 0xc4, 0x0e,
    0x1c, 0xa1, 0xe6, 0x7f, 0x4d, 0x81, 0x4a, 0xa3, 0x59, 0x5c, 0xb8, 0x03, 0x65, 0xc4, 0xc0, 0xc9, 0x42, 0xae, 0x19,
    0x24, 0x22, 0x95, 0x68, 0x13, 0x5d, 0x42, 0xdb, 0x25, 0x52, 0x99, 0x72, 0x93, 0x1c, 0x97, 0xfb, 0x89, 0xba, 0xf4,
    0x75, 0xc3, 0xde, 0xff, 0xf0, 0xc7, 0x98, 0xb8, 0x8c, 0xec, 0x1c, 0x6f, 0xde, 0xe1, 0xe4, 0x15, 0x25, 0x39, 0x0f,
    0x9c, 0xe2, 0x7a, 0x58, 0x88, 0x02, 0xc0, 0x0c, 0x48, 0x79, 0xff, 0xaa, 0x70, 0xec, 0x8e, 0xd4, 0xcd, 0xe6, 0x8d,
    0xd0, 0xea, 0xfc, 0xf5, 0x5d, 0x34, 0xad, 0x9b, 0x63, 0x72, 0xbe, 0x0c, 0xd7, 0x16, 0x96, 0xc3, 0x81, 0xf4, 0x8c,
    0xa2, 0x27, 0x4d, 0x9b, 0x78, 0x68, 0xea, 0xc4, 0xaa, 0x99, 0x26, 0xe6, 0xcd, 0x3c, 0xb1, 0x68, 0x96, 0xf5, 0x3d,
    0xf9, 0xa3, 0x22, 0x86, 0xf6, 0x8a, 0x1f, 0xca, 0x4c, 0x8d, 0xc1, 0x5c, 0x50, 0x86, 0xda, 0x4f, 0xe9, 0x80, 0xed,
    0x09, 0xd5, 0x18, 0xf0, 0x1e, 0x2c, 0x50, 0x49, 0xe6, 0x16, 0xf7, 0x33, 0x91, 0xe9, 0x64, 0x66, 0xc4, 0x93, 0xe2,
    0x45, 0xac, 0x28, 0x94, 0x9e, 0xec, 0xd0, 0x58, 0xe8, 0x3f, 0xbe, 0x18, 0x9d, 0x5e, 0x67, 0xbc, 0x43, 0xfa, 0xfc,
    0x88, 0xe6, 0xc9, 0x51, 0x32, 0x9d, 0x96, 0x6d, 0x38, 0xe6, 0x71, 0xa6, 0x12, 0x4f, 0xbc, 0x00, 0x48, 0xc6, 0xd4,
    0xb6, 0x8d, 0x05, 0xae, 0xa9, 0x89, 0x10, 0x52, 0x66, 0xf8, 0x68, 0xd0, 0x3d, 0x1d, 0xb7, 0xd9, 0x46, 0x66, 0xc4,
    0x52, 0x40, 0x8a, 0x68, 0xdf, 0x23, 0xbe, 0xff, 0x3a, 0x68, 0x1e, 0xbe, 0x69, 0x23, 0x73, 0x9f, 0xa6, 0xb5, 0x60,
    0x00, 0x1e, 0xf4, 0x4a, 0x7f, 0xd9, 0x63, 0x38, 0x13, 0x91, 0x4f, 0x6c, 0x14, 0xb1, 0xfc, 0x46, 0x00, 0x30, 0x1f,
    0xd4, 0xe2, 0x30, 0x98, 0x8f, 0x36, 0xf6, 0xb3, 0xbf, 0x54, 0x28, 0x97, 0x93, 0xa8, 0xcc, 0x7f, 0xc9, 0x36, 0x6f,
    0xcc, 0xc2, 0x90, 0xd4, 0xf2, 0xd1, 0xc4, 0x04, 0x4c, 0x1b, 0x45, 0x4c, 0x01, 0x02, 0xdf, 0x10, 0x29, 0x1d, 0x3f,
    0xc4, 0x01, 0x83, 0xd0, 0xd3, 0xa6, 0x54, 0x31, 0xba, 0x1c, 0xb7, 0x43, 0x9a, 0x6d, 0xde, 0x16, 0xe7, 0xab, 0x56,
    0x7f, 0x63, 0x4c, 0x82, 0x69, 0x78, 0x25, 0x23, 0x05, 0xb0, 0xbf, 0xa8, 0x04, 0x16, 0xc7, 0x01, 0x8b, 0x03, 0xf4,
    0x2f, 0x42, 0x7c, 0x42, 0xce, 0x99, 0x39, 0xe8, 0x50, 0xad, 0xa4, 0xff, 0x33, 0x0f, 0x73, 0xff, 0xd4, 0xe3, 0x52,
    0x4f, 0xf5, 0x63, 0x64, 0x28, 0x7b, 0x4a, 0x83, 0xbc, 0x57, 0x52, 0x0e, 0x87, 0x69, 0xd2, 0xc5, 0xdf, 0xde, 0x9c,
    0x8b, 0xb6, 0x85, 0xb7, 0xda, 0xe9, 0x2d, 0xde, 0x18, 0xe3, 0x89, 0xe5, 0xa3, 0x85, 0x5d, 0xbd, 0x6b, 0xb5, 0xe3,
    0x92, 0x39, 0xd7, 0xf5, 0xfb, 0xd0, 0xbd, 0xf2, 0xec, 0x35, 0xa9, 0x9c, 0x2f, 0x7e, 0x28, 0x1e, 0x14, 0xe7, 0xf3,
    0x1f, 0x2a, 0xe3, 0xf2, 0x7c, 0xf5, 0xf0, 0x4c, 0xfb, 0xc5, 0x6c, 0xda, 0xf5, 0x07, 0x23, 0x17, 0xcb, 0xf8, 0x9c,
    0x3e, 0xda, 0xea, 0x02, 0x6b, 0xad, 0xf1, 0x34, 0xec, 0x73, 0x9a, 0x76, 0xe3, 0x4d, 0xb4, 0xab, 0x25, 0x33, 0xca,
    0xcc, 0x13, 0x86, 0x56, 0xb4, 0x47, 0x17, 0x8c, 0x18, 0x64, 0x7d, 0x88, 0x67, 0x03, 0xef, 0xf0, 0xb0, 0x20, 0x33,
    0xe7, 0xa0, 0x6a, 0xd9, 0xc6, 0x20, 0x77, 0x19, 0xcf, 0xe5, 0x77, 0x28, 0x5a, 0x50, 0x93, 0x81, 0x0d, 0xc2, 0xcc,
    0x9a, 0xfb, 0x2d, 0x62, 0x61, 0xaa, 0x45, 0x9e, 0xfa, 0x3d, 0x6f, 0x89, 0x3f, 0x70, 0xa1, 0x95, 0x43, 0x26, 0xeb,
    0x0e, 0x6c, 0x30, 0xbe, 0xdd, 0x95, 0x41, 0x77, 0xc5, 0xa4, 0x7a, 0xa5, 0x2c, 0xd1, 0x05, 0xa4, 0x4e, 0x27, 0xc0,
    0x68, 0xb2, 0x52, 0xaa, 0xd2, 0xf3, 0xcf, 0xd9, 0x79, 0x65, 0x6d, 0x84, 0x18, 0x55, 0x71, 0x48, 0x50, 0xac, 0xab,
    0x58, 0x68, 0x1e, 0x8f, 0x49, 0x42, 0x02, 0xd8, 0x06, 0xd7, 0xcd, 0x70, 0x22, 0x8f, 0x21, 0xfe, 0x69, 0x7f, 0x32,
    0x5f, 0x1c, 0x57, 0x26, 0xfb, 0x9b, 0xe0, 0x8c, 0x58, 0x0c, 0x41, 0xe0, 0x27, 0xfa, 0x3b, 0xe7, 0xdc, 0x92, 0x03,
    0xd5, 0x12, 0xb0, 0x8a, 0xb4, 0xca, 0x67, 0x5a, 0xc4, 0xf4, 0x15, 0x0f, 0x38, 0x82, 0xc8, 0x1d, 0xb9, 0xda, 0x2f,
    0x70, 0x6a, 0x6b, 0xd2, 0xf2, 0x6a, 0xb5, 0x7e, 0x1b, 0xad, 0xde, 0x2b, 0x42, 0x8b, 0x7c, 0x69, 0x69, 0x7b, 0x24,
    0x53, 0xb9, 0x1d, 0xec, 0x0e, 0x88, 0x49, 0x76, 0x9a, 0xc4, 0xfe, 0x46, 0x78, 0x23, 0xfd, 0xdf, 0x7e, 0xbd, 0x7d,
    0x6f, 0xdc, 0x07, 0x09, 0xdc, 0x0d, 0xb4, 0x19, 0x33, 0x80, 0x3e, 0xad, 0x22, 0x5d, 0xb4, 0x45, 0x31, 0xf6, 0x4d,
    0x72, 0xd1, 0xc5, 0xa8, 0x82, 0x8a, 0xcd, 0x96, 0xa4, 0x80, 0xca, 0x0a, 0x9b, 0x43, 0x85, 0xc9, 0x53, 0x41, 0x8e,
    0x19, 0x73, 0xf2, 0x51, 0x3c, 0x77, 0xed, 0x4b, 0xbd, 0x41, 0x21, 0x2a, 0x8e, 0xbb, 0x7a, 0xd3, 0x7a, 0xee, 0xbb,
    0x03, 0x9f, 0xfb, 0xc1, 0x7a, 0xe3, 0x71, 0xbb, 0x2e, 0xa6, 0xec, 0x4e, 0xf0, 0x54, 0xe5, 0x1a, 0xcc, 0xe4, 0xb0,
    0xaa, 0x53, 0x76, 0xad, 0xa1, 0xe8, 0xe6, 0x31, 0x17, 0xf2, 0xdc, 0x31, 0xed, 0xc9, 0x42, 0xe5, 0x54, 0x11, 0x36,
    0xbb, 0x72, 0xe1, 0x3f, 0xd7, 0x43, 0x14, 0xd7, 0x75, 0x71, 0x8c, 0xa7, 0x39, 0x3c, 0xb6, 0x13, 0xc9, 0xf8, 0x4d,
    0xc7, 0x7d, 0x80, 0x73, 0xb0, 0x4b, 0xad, 0x9c, 0x3e, 0xe8, 0x0c, 0xaa, 0xa0, 0xfc, 0x61, 0x3e, 0x0f, 0xec, 0x73,
    0x28, 0xff, 0xcf, 0x5b, 0x0f, 0x6c, 0x1c, 0xb9, 0xd8, 0x06, 0x8e, 0xf7, 0x2e, 0x70, 0xf6, 0xdd, 0x27, 0x6f, 0xaf,
    0x78, 0xf0, 0x42, 0xff, 0x22, 0xe4, 0xec, 0xde, 0xf0, 0xe1, 0x70, 0xba, 0x58, 0xc1, 0x99, 0x68, 0x2e, 0xde, 0xb9,
    0xc4, 0xee, 0xd7, 0x35, 0x85, 0xac, 0x93, 0x24, 0x54, 0xdd, 0x03, 0xb3, 0xcc, 0x37, 0x18, 0xd9, 0x44, 0x2b, 0x4e,
    0xea, 0x1a, 0x5d, 0x73, 0xc2, 0x9c, 0xe1, 0xeb, 0x47, 0x0e, 0x32, 0xdb, 0xa7, 0xfc, 0x79, 0x73, 0x84, 0x76, 0xa8,
    0xf1, 0x71, 0x6f, 0x45, 0x95, 0x1d, 0x0b, 0x36, 0x88, 0xfd, 0xc7, 0x72, 0xf2, 0xe7, 0x07, 0xa7, 0x42, 0xfb, 0x26,
    0x4c, 0x90, 0x3a, 0x00, 0x4d, 0x0d, 0x07, 0x4e, 0xf3, 0x8a, 0x9e, 0xc4, 0x11, 0x58, 0xc9, 0xc2, 0x9e, 0xb3, 0x20,
    0x06, 0x95, 0x41, 0x20, 0x37, 0x24, 0x23, 0x5d, 0xb5, 0xcd, 0x9d, 0x14, 0xbc, 0x9d, 0x31, 0x0b, 0xd4, 0xc4, 0x21,
    0xf9, 0xd7, 0x90, 0x7d, 0x7f, 0x96, 0x7e, 0x32, 0x40, 0x16, 0x9a, 0x6c, 0xd2, 0xc9, 0xcf, 0x52, 0x1a, 0xba, 0x8d,
    0x32, 0x76, 0xde, 0x1c, 0x83, 0x86, 0xc2, 0xf4, 0xdb, 0xbb, 0x01, 0x2f, 0xaa, 0xda, 0x82, 0x91, 0xb8, 0x7d, 0x52,
    0xc3, 0x1f, 0x8b, 0x1a, 0x49, 0x0c, 0x96, 0x3e, 0xaa, 0xbf, 0xf6, 0x30, 0xca, 0xcd, 0xb7, 0x49, 0xd3, 0x58, 0x90,
    0x15, 0x5c, 0xc6, 0x7e, 0x40, 0xc7, 0x33, 0x0a, 0x55, 0x52, 0xee, 0x94, 0x23, 0xef, 0x8f, 0x6c, 0xec, 0xdd, 0x06,
    0x92, 0xf7, 0xf3, 0xff, 0xe6, 0x1f, 0x71, 0x99, 0x44, 0x82, 0x07, 0x72, 0x45, 0x7c, 0x1f, 0x63, 0x8a, 0xd4, 0x0d,
    0xbb, 0x13, 0xd4, 0x5d, 0x0b, 0xa2, 0x4a, 0x85, 0x7d, 0x8a, 0xb0, 0xc6, 0x4b, 0xdf, 0xe2, 0x55, 0xdd, 0xc9, 0xd5,
    0x33, 0xb3, 0xc7, 0xde, 0x5b, 0xea, 0xd1, 0xa3, 0x8f, 0xdc, 0xe4, 0x7c, 0xb7, 0x77, 0x6e, 0x7e, 0x47, 0xaa, 0xba,
    0xee, 0xc3, 0xe7, 0xf1, 0xe7, 0x31, 0x5d, 0x5d, 0x35, 0xf2, 0xe8, 0x44, 0x09, 0x9e, 0x2f, 0xf9, 0x83, 0x0f, 0x71,
    0xf6, 0xf7, 0xe0, 0xd6, 0xde, 0xb0, 0xb2, 0xbc, 0x70, 0x53, 0x64, 0x67, 0x5f, 0x76, 0xdc, 0xab, 0x1d, 0x7b, 0xc3,
    0x78, 0xcb, 0xff, 0x62, 0x36, 0xb3, 0xee, 0x9b, 0x4a, 0x13, 0xe3, 0x3b, 0xfe, 0xa3, 0xd9, 0x2b, 0x88, 0xea, 0xf0,
    0x7d, 0xf6, 0x8f, 0x5b, 0x76, 0x1c, 0x9b, 0xee, 0xf9, 0xe3, 0xc9, 0xdb, 0x93, 0x81, 0xd6, 0x82, 0x6b, 0x4e, 0x2a,
    0xad, 0xc7, 0xd6, 0x5f, 0x45, 0x1a, 0x3d, 0x5d, 0x5d, 0x7d, 0x78, 0x79, 0x76, 0xb9, 0x36, 0x9a, 0x46, 0x5a, 0x9d,
    0xad, 0xbe, 0x4c, 0xf4, 0x50, 0xee, 0x6e, 0x92, 0xb9, 0xe3, 0x2d, 0xc8, 0x6c, 0x30, 0xaf, 0xea, 0x71, 0x5d, 0x43,
    0xf8, 0xb6, 0x9d, 0x34, 0x61, 0x7d, 0xcf, 0xbe, 0x3a, 0x1f, 0x88, 0x01, 0xbd, 0x7e, 0x38, 0x12, 0x3e, 0x75, 0xe7,
    0xac, 0xbb, 0xc6, 0x5c, 0x58, 0x02, 0xb3, 0x31, 0xd7, 0xbb, 0x5a, 0x21, 0x7b, 0xca, 0xb6, 0xb6, 0x9b, 0x4c, 0xb2,
    0x05, 0x5f, 0xcb, 0x7e, 0x7f, 0x88, 0xa3, 0x34, 0x43, 0x81, 0x7a, 0x9e, 0x37, 0x7f, 0x9d, 0x10, 0x8c, 0x1e, 0xf9,
    0x85, 0xa6, 0x72, 0xd0, 0xb3, 0x7a, 0x5f, 0xa6, 0x13, 0x4b, 0xce, 0x51, 0x9b, 0x06, 0x19, 0x5f, 0xe9, 0x28, 0x86,
    0x6d, 0xca, 0xfd, 0x6e, 0xb6, 0x33, 0xd1, 0x24, 0xd6, 0x90, 0xdc, 0xf6, 0xd3, 0xe3, 0x0a, 0xa9, 0xe8, 0x61, 0x4a,
    0xf0, 0x32, 0x9c, 0x80, 0xc3, 0x62, 0x20, 0x77, 0x3a, 0x6a, 0xf4, 0x12, 0x24, 0x0e, 0xca, 0x9b, 0x2e, 0xc4, 0x21,
    0x07, 0x3b, 0xc2, 0xe5, 0x13, 0x31, 0xda, 0x12, 0x42, 0xc7, 0xa8, 0x2a, 0xdc, 0x26, 0x84, 0xfd, 0xe1, 0x8e, 0xc2,
    0x4e, 0x8f, 0x34, 0xcc, 0x16, 0x1f, 0x70, 0x63, 0x84, 0x63, 0xd4, 0x0b, 0xdf, 0x26, 0xf9, 0xcd, 0xc0, 0xb8, 0x40,
    0x2d, 0xa5, 0x30, 0x32, 0x7b, 0xc9, 0x57, 0x60, 0xca, 0xd8, 0x4a, 0x24, 0xd9, 0x21, 0xad, 0x47, 0x2c, 0x72, 0x72,
    0x70, 0x03, 0x47, 0x22, 0x03, 0x80, 0x81, 0x1c, 0x1e, 0x0f, 0x2f, 0xb3, 0xfc, 0x6b, 0x3b, 0xfe, 0x0a, 0x40, 0x84,
    0xfc, 0xeb, 0x81, 0x40, 0xf4, 0x61, 0xe2, 0x2f, 0x47, 0x52, 0x2c, 0xca, 0x8d, 0x77, 0xfa, 0xd5, 0xf6, 0x01, 0x7f,
    0x31, 0xbe, 0x6b, 0x74, 0x73, 0x01, 0x1a, 0x58, 0x4a, 0x08, 0x90, 0xb3, 0x40, 0x3d, 0xf2, 0x8c, 0x24, 0x3d, 0x82,
    0x56, 0x2d, 0xfd, 0x74, 0xbf, 0x39, 0xb1, 0x40, 0xf1, 0x29, 0x67, 0xd6, 0x77, 0xc7, 0x0a, 0xf4, 0x17, 0x3f, 0x49,
    0xdd, 0x0b, 0xcc, 0x95, 0xee, 0x9f, 0xc1, 0x96, 0x74, 0x19, 0x20, 0x4c, 0x42, 0x7a, 0x3f, 0x13, 0x11, 0x01, 0xa4,
    0x84, 0x00, 0x9a, 0xf8, 0x7a, 0x28, 0x10, 0xd9, 0x1f, 0xec, 0xbc, 0x39, 0x62, 0x2b, 0x76, 0xe3, 0xd0, 0xea, 0xd0,
    0x88, 0xad, 0x87, 0x8b, 0x5b, 0x81, 0xbb, 0x29, 0x74, 0xd9, 0xed, 0xf8, 0x8e, 0x0d, 0x7f, 0xb8, 0xc1, 0x75, 0x1b,
    0xfa, 0x75, 0x27, 0xee, 0xb8, 0xff, 0x82, 0x57, 0x58, 0x8e, 0xce, 0xfb, 0x83, 0x87, 0xa7, 0xd3, 0xf2, 0x51, 0xf9,
    0x3c, 0xd5, 0x1a, 0xed, 0x1e, 0x58, 0x09, 0xe9, 0xf7, 0xf2, 0x5d, 0xab, 0xb7, 0xec, 0x6d, 0xdb, 0xfc, 0xa3, 0xa5,
    0x81, 0x81, 0xf6, 0x56, 0xbe, 0xf5, 0x21, 0xa3, 0xf2, 0xed, 0xd7, 0xa1, 0xfe, 0xf6, 0xcb, 0x29, 0xc2, 0x19, 0x5d,
    0x60, 0x57, 0x81, 0x5f, 0x99, 0xa2, 0xea, 0x55, 0xe1, 0x6b, 0x40, 0x80, 0xc1, 0x38, 0x6c, 0x78, 0x85, 0x99, 0xe4,
    0xea, 0x5c, 0x09, 0x5e, 0xc1, 0xea, 0x5f, 0x98, 0xce, 0x47, 0xb4, 0x12, 0x21, 0x63, 0x6b, 0x5f, 0x28, 0x08, 0x1b,
    0x4b, 0xe5, 0x52, 0x9f, 0xdb, 0xe7, 0x20, 0x34, 0x5c, 0x8d, 0x06, 0xff, 0x50, 0xe3, 0x04, 0x72, 0xb9, 0x59, 0xb8,
    0x89, 0x91, 0xe8, 0xc7, 0xd0, 0xc5, 0x66, 0xc6, 0x56, 0xdf, 0x6f, 0x85, 0xf5, 0xb7, 0xd9, 0xfa, 0x06, 0x02, 0x6f,
    0x4b, 0x54, 0x68, 0xe7, 0x03, 0x04, 0x78, 0xf9, 0x71, 0xb3, 0x48, 0x8a, 0xbd, 0x24, 0x34, 0xda, 0x24, 0x74, 0x6a,
    0x8d, 0x1e, 0x94, 0xf7, 0xd0, 0xd1, 0x4f, 0x5a, 0x8b, 0xf5, 0xe7, 0x84, 0xe3, 0x2c, 0x7f, 0x19, 0x4d, 0xb0, 0x51,
    0x02, 0x6a, 0x13, 0x8e, 0x62, 0x4b, 0x9f, 0xc1, 0x57, 0x68, 0xd8, 0x10, 0x81, 0xd8, 0x8e, 0x3f, 0xff, 0x0b, 0xdf,
    0xca, 0x25, 0x36, 0x4d, 0x32, 0xf2, 0x91, 0x0a, 0xd9, 0xc4, 0x32, 0x54, 0x5a, 0x46, 0x26, 0xac, 0x6c, 0xbb, 0x1b,
    0x14, 0xf1, 0x04, 0x46, 0x50, 0xb3, 0x49, 0xfc, 0xa1, 0x27, 0xf6, 0xff, 0xcd, 0x38, 0x35, 0x64, 0xbf, 0xfd, 0xc6,
    0x25, 0xda, 0x43, 0x7f, 0x1a, 0xd4, 0x64, 0xdc, 0x01, 0x9f, 0x43, 0xbe, 0x34, 0x39, 0x66, 0xc7, 0xd4, 0xbf, 0xec,
    0x61, 0xab, 0xb1, 0xe7, 0xf4, 0xe7, 0xdf, 0xae, 0x5b, 0x92, 0xec, 0xe9, 0x94, 0x87, 0xf1, 0x57, 0x62, 0x78, 0xf1,
    0x7c, 0xe6, 0x07, 0xc4, 0xa7, 0x6e, 0x27, 0x3a, 0x99, 0xa7, 0xe3, 0x1d, 0xdd, 0x84, 0x66, 0x8a, 0x2d, 0x98, 0xc6,
    0x49, 0xdf, 0xed, 0x37, 0xae, 0x47, 0x91, 0xce, 0x8a, 0x68, 0xdf, 0x61, 0xb8, 0x9e, 0xba, 0x48, 0xfe, 0x06, 0x4e,
    0x1d, 0xbe, 0x6b, 0xe6, 0x1d, 0x9f, 0xba, 0xc8, 0x74, 0x73, 0xa9, 0xfb, 0x34, 0x28, 0x80, 0xbd, 0x35, 0xf8, 0x1c,
    0x5c, 0xab, 0x6d, 0x83, 0xf7, 0xe0, 0x97, 0x34, 0xd1, 0xd7, 0xa8, 0x23, 0xb9, 0xb5, 0x6f, 0x2f, 0x47, 0x2d, 0x88,
    0xe8, 0x4b, 0x8c, 0x48, 0xfc, 0x7a, 0x55, 0x7b, 0x2a, 0x05, 0x55, 0xb9, 0x5e, 0x74, 0xd3, 0x0c, 0xa3, 0xc1, 0x64,
    0x80, 0x56, 0xb1, 0x09, 0x67, 0x46, 0x44, 0xab, 0xb7, 0x68, 0x36, 0xe4, 0xb6, 0xee, 0xab, 0x6c, 0xad, 0x25, 0x11,
    0x17, 0x69, 0xc3, 0x4f, 0x43, 0x6f, 0x07, 0x08, 0xc9, 0xa0, 0x24, 0xad, 0x11, 0x06, 0x06, 0xc5, 0xda, 0xc0, 0x87,
    0x8f, 0xaf, 0x43, 0x70, 0x7f, 0x15, 0x47, 0x3b, 0x41, 0x81, 0x46, 0x07, 0xf6, 0x66, 0x18, 0x41, 0x89, 0x42, 0x73,
    0xf4, 0x3b, 0x1c, 0xf5, 0x65, 0x46, 0x74, 0x2e, 0x3d, 0x47, 0x46, 0x55, 0xb7, 0xad, 0x2e, 0xa3, 0xd5, 0x1e, 0xd2,
    0xe5, 0x94, 0x04, 0x4a, 0x7e, 0x21, 0xc8, 0xf6, 0xe9, 0x7f, 0x02, 0xcf, 0xe4, 0x44, 0x56, 0xc5, 0x31, 0x62, 0x46,
    0x92, 0x80, 0x55, 0x94, 0x73, 0x98, 0x93, 0xa8, 0x87, 0x84, 0x0f, 0x43, 0xdf, 0x27, 0x05, 0xab, 0x35, 0xa4, 0xda,
    0x86, 0xea, 0x15, 0x20, 0x73, 0x40, 0x1c, 0x0e, 0x50, 0x52, 0x89, 0x03, 0xcc, 0xc6, 0x7a, 0x1a, 0x6e, 0xf8, 0x66,
    0xea, 0x62, 0xf4, 0xfa, 0x19, 0x86, 0xb4, 0xca, 0x18, 0xab, 0xa0, 0x56, 0x65, 0xd1, 0xdc, 0x01, 0x81, 0xc2, 0x28,
    0x4e, 0x11, 0xbf, 0x9b, 0x5a, 0x74, 0x93, 0x91, 0x64, 0x58, 0x99, 0x88, 0x14, 0xf1, 0xe1, 0xee, 0x78, 0xa4, 0x51,
    0x27, 0x97, 0x8e, 0x38, 0x57, 0x40, 0x98, 0x0f, 0x4d, 0x9d, 0xde, 0x38, 0x68, 0x62, 0xb0, 0x6d, 0x38, 0x32, 0xce,
    0x24, 0x95, 0xb8, 0x12, 0xec, 0x46, 0x24, 0x65, 0xc1, 0x92, 0x50, 0xc1, 0x7b, 0x09, 0xc0, 0xb2, 0x89, 0x90, 0x2c,
    0x26, 0x01, 0x4a, 0x36, 0x10, 0xb4, 0x0a, 0x48, 0x3b, 0xea, 0x1a, 0x37, 0xc3, 0x6b, 0x4d, 0x86, 0x9f, 0x9c, 0x82,
    0x34, 0x21, 0x8d, 0x65, 0xf7, 0x47, 0x3e, 0xb9, 0xea, 0x93, 0xf1, 0xe5, 0xd4, 0x46, 0x52, 0x85, 0x94, 0xdc, 0x05,
    0x0a, 0xf3, 0xb5, 0xf1, 0x9f, 0x6d, 0xcd, 0x8f, 0xfa, 0x03, 0x1e, 0xd4, 0x95, 0x20, 0x8d, 0xa5, 0x24, 0x4e, 0x39,
    0xec, 0x07, 0x8b, 0x43, 0x02, 0x1d, 0xc8, 0x5e, 0x71, 0xfe, 0xad, 0x72, 0xdc, 0x89, 0xe2, 0xb5, 0x82, 0x4e, 0x42,
    0x69, 0xfc, 0xbb, 0xaf, 0x4d, 0x2f, 0xf8, 0x86, 0x3f, 0xd3, 0x1f, 0x81, 0xbe, 0x09, 0x83, 0x36, 0x83, 0xdf, 0x51,
    0x58, 0xdb, 0x75, 0xe2, 0x15, 0xaa, 0x1c, 0x66, 0xa7, 0xe3, 0x2a, 0x10, 0x79, 0x63, 0x7b, 0x34, 0x6b, 0x2d, 0x25,
    0x48, 0x50, 0x59, 0xe5, 0x93, 0x3b, 0x3b, 0xe1, 0xe1, 0x21, 0xe4, 0x41, 0xa6, 0x7c, 0x7d, 0x57, 0x75, 0x91, 0xe7,
    0x0d, 0x94, 0x70, 0x6b, 0xfc, 0x90, 0x1a, 0x9c, 0x38, 0x88, 0xc8, 0xc3, 0x6a, 0x8a, 0xa0, 0x86, 0x99, 0xa9, 0xc9,
    0xcc, 0x0c, 0x4b, 0x73, 0xa0, 0x13, 0x19, 0xd3, 0xca, 0xe5, 0x25, 0x5f, 0x8f, 0x04, 0xca, 0x5c, 0x09, 0x61, 0x38,
    0xf6, 0x6d, 0xe1, 0xc1, 0x63, 0xd9, 0x70, 0xac, 0x7b, 0xa1, 0x9d, 0xe8, 0xf1, 0x76, 0x68, 0x13, 0x82, 0x73, 0x91,
    0x43, 0x26, 0x75, 0xa5, 0x2b, 0x12, 0x59, 0x86, 0x9b, 0x96, 0xaa, 0xca, 0x3d, 0x4a, 0xd4, 0x7d, 0x7a, 0x2c, 0xf9,
    0x26, 0xd7, 0x1b, 0x8a, 0x29, 0xd7, 0xac, 0x1f, 0x43, 0x8a, 0x3e, 0x4d, 0xa4, 0x77, 0x0a, 0x95, 0xa6, 0x62, 0xc5,
    0x8c, 0x8e, 0x04, 0x10, 0x70, 0x83, 0x25, 0x98, 0x55, 0x7f, 0x55, 0x28, 0x85, 0x62, 0xe6, 0x2d, 0x45, 0x7e, 0xa4,
    0x58, 0x03, 0xc9, 0x6e, 0xf8, 0x3f, 0x0e, 0xa9, 0x59, 0xcd, 0x3d, 0xcc, 0x93, 0xe1, 0x8c, 0xf9, 0xeb, 0x99, 0x21,
    0x00, 0x4b, 0xfd, 0xe0, 0x17, 0x0c, 0x24, 0x60, 0x10, 0xe5, 0x66, 0xe9, 0xf5, 0xf9, 0x59, 0x50, 0x94, 0x51, 0x1c,
    0x1a, 0x87, 0x68, 0x2e, 0x30, 0x28, 0xef, 0x96, 0xd8, 0x71, 0xeb, 0xc8, 0x1d, 0x82, 0xf7, 0x2a, 0x2e, 0xb0, 0x8d,
    0x4c, 0x3d, 0xeb, 0x72, 0x1f, 0x46, 0x17, 0xb3, 0xd6, 0x4e, 0xc6, 0xe4, 0x21, 0xa1, 0xd5, 0xac, 0x4f, 0x53, 0x94,
    0x1d, 0xd5, 0x0f, 0x0f, 0xe2, 0xc9, 0xa8, 0x79, 0x9e, 0xec, 0xdc, 0x6b, 0xbb, 0x2e, 0x6c, 0xb8, 0xa4, 0x85, 0x89,
    0xbe, 0xfe, 0x65, 0xe9, 0x68, 0xd4, 0x71, 0x90, 0x79, 0xf0, 0xd9, 0xc9, 0x2c, 0xc1, 0xe6, 0x83, 0x89, 0x56, 0x5f,
    0xc1, 0x6c, 0xb8, 0xc0, 0xad, 0x1f, 0x78, 0xf9, 0x6d, 0xfa, 0x55, 0x5e, 0xba, 0x79, 0xec, 0x87, 0x66, 0xe3, 0x9e,
    0x54, 0xaf, 0xe0, 0x16, 0xcb, 0x47, 0x23, 0x6d, 0xbd, 0xeb, 0x4d, 0x3d, 0xbc, 0xee, 0x1d, 0x71, 0x59, 0xc6, 0xa3,
    0xd6, 0x63, 0x81, 0x94, 0xd5, 0xfd, 0x8c, 0xad, 0x99, 0x1e, 0xd1, 0xbb, 0x4a, 0x8d, 0xf1, 0xc9, 0x42, 0x36, 0x26,
    0x70, 0x00, 0x85, 0xdf, 0xf9, 0x3a, 0xb4, 0x4f, 0x7e, 0xeb, 0x5b, 0x31, 0x7e, 0x55, 0x23, 0x09, 0x70, 0x64, 0x37,
    0xbc, 0xad, 0x6b, 0xd0, 0x9e, 0x4a, 0xda, 0x9d, 0xda, 0x7c, 0x64, 0x37, 0x1e, 0x4c, 0xd0, 0xa6, 0x1a, 0xab, 0xc9,
    0x62, 0x85, 0x8a, 0x67, 0xc9, 0x8b, 0x8b, 0x09, 0x19, 0x4d, 0x04, 0xb8, 0x21, 0xf3, 0xea, 0x98, 0xfe, 0x92, 0x7e,
    0xb8, 0xf8, 0x1f, 0x5f, 0x84, 0xcb, 0xf6, 0xb7, 0xc4, 0x3d, 0x57, 0xca, 0xb4, 0xbc, 0x47, 0x53, 0xc5, 0x18, 0x94,
    0xee, 0xea, 0xa3, 0x10, 0xcd, 0x47, 0x8b, 0x7b, 0xa0, 0x58, 0x2c, 0x46, 0x6d, 0xea, 0x0b, 0xbc, 0xd9, 0xca, 0x90,
    0x87, 0x77, 0x9e, 0xba, 0x80, 0xf2, 0x8e, 0x57, 0x6c, 0x4d, 0x28, 0x0b, 0x98, 0xe5, 0x0e, 0x46, 0x7c, 0x44, 0xef,
    0x30, 0xd4, 0xf9, 0x3b, 0x82, 0x20, 0x37, 0x00, 0xa6, 0xd5, 0xf8, 0xe0, 0xb5, 0xd6, 0x7f, 0x29, 0x47, 0x89, 0xbe,
    0x1e, 0x6c, 0xfd, 0x74, 0x9a, 0xd6, 0xa1, 0x7b, 0xd3, 0xad, 0x8a, 0x86, 0x5f, 0xd1, 0x50, 0x58, 0x83, 0x01, 0x53,
    0xc8, 0x5e, 0x62, 0x5b, 0x75, 0xb6, 0xca, 0x89, 0x11, 0xe8, 0x6b, 0x4f, 0xa9, 0x78, 0x32, 0x84, 0x58, 0xb4, 0x13,
    0x67, 0x2a, 0xa5, 0x25, 0x99, 0x17, 0x0d, 0x40, 0x9c, 0x0f, 0x4e, 0xfa, 0x24, 0xe9, 0x53, 0x44, 0xda, 0xa2, 0xa0,
    0x5a, 0xf2, 0x7a, 0x3a, 0x18, 0xc5, 0xd2, 0xee, 0xab, 0x23, 0xa7, 0x57, 0x4e, 0xc0, 0xc8, 0x49, 0xb8, 0x14, 0x8b,
    0x4e, 0x7e, 0x1c, 0xf0, 0xd6, 0xa2, 0x21, 0x79, 0xb4, 0xbe, 0x4f, 0x1d, 0x45, 0x97, 0x28, 0x8f, 0x5e, 0x7b, 0x54,
    0x4f, 0xfc, 0x54, 0xec, 0xa7, 0xc0, 0xa8, 0x76, 0xe7, 0xf8, 0x44, 0x0c, 0xa6, 0x03, 0xcc, 0x79, 0x51, 0xcb, 0x7d,
    0xb3, 0xf3, 0xb1, 0x72, 0x51, 0x9a, 0xca, 0x32, 0x9c, 0xe1, 0xbb, 0x27, 0x8b, 0xde, 0xef, 0xba, 0x6e, 0xf4, 0x56,
    0xf5, 0x7d, 0x84, 0xdc, 0xb1, 0xd8, 0x1c, 0x56, 0xd8, 0xca, 0xce, 0x5e, 0x53, 0xaf, 0xf2, 0x2d, 0xa1, 0x31, 0x62,
    0x0e, 0xee, 0xdb, 0x23, 0xf3, 0xcd, 0x47, 0x2f, 0xf1, 0x2d, 0xe1, 0x93, 0xa9, 0x93, 0x64, 0xc8, 0x1c, 0xd0, 0x7f,
    0x99, 0x93, 0x45, 0xe7, 0xba, 0x4c, 0x45, 0x1c, 0x4f, 0xa7, 0xc9, 0xfa, 0xb0, 0x99, 0x7f, 0x0c, 0x94, 0x8e, 0x4c,
    0x2d, 0x04, 0x79, 0xb7, 0x51, 0xfa, 0x2a, 0x4e, 0xfc, 0x22, 0x0b, 0x2d, 0xa0, 0x95, 0x59, 0x21, 0x2e, 0x3b, 0x29,
    0x8b, 0x4c, 0xf0, 0x1c, 0x44, 0x0a, 0x53, 0x1f, 0x39, 0x61, 0x39, 0xe7, 0xa0, 0x9d, 0x72, 0xc9, 0x88, 0xb2, 0xb9,
    0xfd, 0xe1, 0x36, 0x48, 0x87, 0x22, 0xeb, 0x63, 0x71, 0x08, 0x20, 0xa0, 0x6b, 0xc9, 0x38, 0x6a, 0xc8, 0x73, 0x79,
    0x74, 0x7a, 0xd2, 0x1b, 0xbf, 0xee, 0xbe, 0x2d, 0xa9, 0x92, 0x4c, 0xa1, 0x91, 0x26, 0x23, 0x36, 0xe8, 0x57, 0x64,
    0xcf, 0x16, 0xe5, 0x09};

// Backwards compatibility alias
#define INDEX_GZ INDEX_BR

#endif  // USE_WEBSERVER_GZIP

}  // namespace esphome::web_server

#endif
#endif
